NOMPROV;NRO_ITEM;TIPO;BLOQUE;NIVEL;GRUPO;
NTTDATA;INC000007822875;Asigna;Nivel 1 deriv;1;N1_SD_TGT_WEB;
NTTDATA;INC000007822858;Asigna;Nivel 1 deriv;1;N1_SD_TGT_WEB;
NTTDATA;INC000007822851;Asigna;Nivel 1 deriv;1;N1_SD_TGT_WEB;
NTTDATA;INC000007822837;Asigna;Nivel 1 deriv;1;N1_SD_TGT_WEB;
NTTDATA;INC000007822793;Asigna;Nivel 1 deriv;1;N1_SD_MOVIL_DIGITAL;
NTTDATA;INC000007822785;Asigna;Nivel 1 deriv;1;N1_SD_MOVIL_DIGITAL;
NTTDATA;INC000007822784;Asigna;Nivel 1 deriv;1;N1_SD_TGT_WEB;
NTTDATA;INC000007822771;Asigna;Nivel 1 deriv;1;N1_SD_TGT_WEB;
NTTDATA;INC000007822761;Asigna;Nivel 1 deriv;1;N1_SD_MOVIL_DIGITAL;
NTTDATA;INC000007822738;Asigna;Nivel 1 deriv;1;N1_SD_TGT_WEB;
NTTDATA;INC000007822737;Asigna;Nivel 1 deriv;1;N1_SD_MOVIL_DIGITAL;
NTTDATA;INC000007822653;Asigna;Nivel 1 deriv;1;N1_SD_TGT_WEB;
NTTDATA;INC000007822644;Asigna;Nivel 1 deriv;1;N1_SD_MOVIL_DIGITAL;
NTTDATA;INC000007822512;Asigna;Nivel 1 deriv;1;N1_SD_MOVIL_DIGITAL;
NTTDATA;INC000007822511;Asigna;Nivel 1 deriv;1;N1_SD_MOVIL_DIGITAL;
NTTDATA;INC000007822481;Asigna;Nivel 1 deriv;1;N1_SD_MOVIL_DIGITAL;
NTTDATA;INC000007822467;Asigna;Nivel 1 deriv;1;N1_SD_MOVIL_POWER;
NTTDATA;INC000007822446;Asigna;Nivel 1 deriv;1;N1_SD_MOVIL_DIGITAL;
NTTDATA;INC000007822242;Asigna;Nivel 1 deriv;1;N1_SD_MOVIL_DIGITAL;
NTTDATA;INC000007822235;Asigna;Nivel 1 deriv;1;N1_SD_TGT_WEB;
NTTDATA;INC000007822211;Asigna;Nivel 1 deriv;1;N1_SD_MOVIL_DIGITAL;
NTTDATA;INC000007822209;Asigna;Nivel 1 deriv;1;N1_SD_MOVIL_POWER;
NTTDATA;INC000007822207;Asigna;Nivel 1 deriv;1;N1_SD_MOVIL_DIGITAL;
NTTDATA;INC000007822200;Asigna;Nivel 1 deriv;1;N1_SD_MOVIL_DIGITAL;
NTTDATA;INC000007822177;Asigna;Nivel 1 deriv;1;N1_SD_MOVIL_DIGITAL;
NTTDATA;INC000007822162;Asigna;Nivel 1 deriv;1;N1_SD_MOVIL_DIGITAL;
NTTDATA;INC000007822159;Asigna;Nivel 1 deriv;1;N1_SD_MOVIL_DIGITAL;
NTTDATA;INC000007822157;Asigna;Nivel 1 deriv;1;N1_SD_MOVIL_POWER;
NTTDATA;INC000007822129;Asigna;Nivel 1 deriv;1;N1_SD_TGT_WEB;
NTTDATA;INC000007822124;Asigna;Nivel 1 deriv;1;N1_SD_MOVIL_DIGITAL;
NTTDATA;INC000007822048;Asigna;Nivel 1 deriv;1;N1_SD_MOVIL_DIGITAL;
NTTDATA;INC000007822034;Asigna;Nivel 1 deriv;1;N1_SD_MOVIL_DIGITAL;
NTTDATA;INC000007821985;Asigna;Nivel 1 deriv;1;N1_SD_MOVIL_DIGITAL;
NTTDATA;INC000007821962;Asigna;Nivel 1 deriv;1;N1_SD_MOVIL_DIGITAL;
NTTDATA;INC000007821942;Asigna;Nivel 1 deriv;1;N1_SD_MOVIL_DIGITAL;
NTTDATA;INC000007821939;Asigna;Nivel 1 deriv;1;N1_SD_MOVIL_DIGITAL;
NTTDATA;INC000007821898;Asigna;Nivel 1 deriv;1;N1_SD_TGT_WEB;
NTTDATA;INC000007821886;Asigna;Nivel 1 deriv;1;N1_SD_MOVIL_DIGITAL;
NTTDATA;INC000007821881;Asigna;Nivel 1 deriv;1;N1_SD_MOVIL_DIGITAL;
NTTDATA;INC000007821875;Asigna;Nivel 1 deriv;1;N1_SD_MOVIL_DIGITAL;
NTTDATA;INC000007821724;Asigna;Nivel 1 deriv;1;N1_SD_MOVIL_DIGITAL;
NTTDATA;INC000007821690;Asigna;Nivel 1 deriv;1;N1_SD_MOVIL_DIGITAL;
NTTDATA;INC000007821687;Asigna;Nivel 1 deriv;1;N1_SD_MOVIL_DIGITAL;
NTTDATA;INC000007821675;Asigna;Nivel 1 deriv;1;N1_SD_TGT_WEB;
NTTDATA;INC000007821673;Asigna;Nivel 1 deriv;1;N1_SD_MOVIL_DIGITAL;
NTTDATA;INC000007821654;Asigna;Nivel 1 deriv;1;N1_SD_MOVIL_DIGITAL;
NTTDATA;INC000007821652;Asigna;Nivel 1 deriv;1;N1_SD_MOVIL_DIGITAL;
NTTDATA;INC000007821622;Asigna;Nivel 1 deriv;1;N1_SD_TGT_WEB;
NTTDATA;INC000007821584;Asigna;Nivel 1 deriv;1;N1_SD_TGT_WEB;
NTTDATA;INC000007821556;Asigna;Nivel 1 deriv;1;N1_SD_MOVIL_DIGITAL;
NTTDATA;INC000007821545;Asigna;Nivel 1 deriv;1;N1_SD_MOVIL_DIGITAL;
NTTDATA;INC000007821423;Asigna;Nivel 1 deriv;1;N1_SD_MOVIL_DIGITAL;
NTTDATA;INC000007821421;Asigna;Nivel 1 deriv;1;N1_SD_MOVIL_DIGITAL;
NTTDATA;INC000007821417;Asigna;Nivel 1 deriv;1;N1_SD_MOVIL_DIGITAL;
NTTDATA;INC000007821378;Asigna;Nivel 1 deriv;1;N1_SD_MOVIL_DIGITAL;
NTTDATA;INC000007821373;Asigna;Nivel 1 deriv;1;N1_SD_TGT_WEB;
NTTDATA;INC000007821362;Asigna;Nivel 1 deriv;1;N1_SD_MOVIL_POWER;
NTTDATA;INC000007821353;Asigna;Nivel 1 deriv;1;N1_SD_MOVIL_DIGITAL;
NTTDATA;INC000007821348;Asigna;Nivel 1 deriv;1;N1_SD_MOVIL_DIGITAL;
NTTDATA;INC000007821138;Asigna;Nivel 1 deriv;1;N1_SD_MOVIL_DIGITAL;
NTTDATA;INC000007821106;Asigna;Nivel 1 deriv;1;N1_SD_MOVIL_DIGITAL;
NTTDATA;INC000007821095;Asigna;Nivel 1 deriv;1;N1_SD_MOVIL_DIGITAL;
NTTDATA;INC000007821084;Asigna;Nivel 1 deriv;1;N1_SD_TGT_WEB;
NTTDATA;INC000007821067;Asigna;Nivel 1 deriv;1;N1_SD_TGT_WEB;
NTTDATA;INC000007821053;Asigna;Nivel 1 deriv;1;N1_SD_TGT_WEB;
NTTDATA;INC000007821042;Asigna;Nivel 1 deriv;1;N1_SD_MOVIL_POWER;
NTTDATA;INC000007821041;Asigna;Nivel 1 deriv;1;N1_SD_MOVIL_DIGITAL;
NTTDATA;INC000007821040;Asigna;Nivel 1 deriv;1;N1_SD_MOVIL_DIGITAL;
NTTDATA;INC000007821019;Asigna;Nivel 1 deriv;1;N1_SD_MOVIL_DIGITAL;
NTTDATA;INC000007821018;Asigna;Nivel 1 deriv;1;N1_SD_MOVIL_DIGITAL;
NTTDATA;INC000007821005;Asigna;Nivel 1 deriv;1;N1_SD_MOVIL_DIGITAL;
NTTDATA;INC000007820996;Asigna;Nivel 1 deriv;1;N1_SD_MOVIL_DIGITAL;
NTTDATA;INC000007820988;Asigna;Nivel 1 deriv;1;N1_SD_MOVIL_DIGITAL;
NTTDATA;INC000007820984;Asigna;Nivel 1 deriv;1;N1_SD_TGT_WEB;
NTTDATA;INC000007820978;Asigna;Nivel 1 deriv;1;N1_SD_MOVIL_DIGITAL;
NTTDATA;INC000007820974;Asigna;Nivel 1 deriv;1;N1_SD_MOVIL_DIGITAL;
NTTDATA;INC000007820967;Asigna;Nivel 1 deriv;1;N1_SD_MOVIL_DIGITAL;
NTTDATA;INC000007820938;Asigna;Nivel 1 deriv;1;N1_SD_MOVIL_DIGITAL;
NTTDATA;INC000007820833;Asigna;Nivel 1 deriv;1;N1_SD_MOVIL_DIGITAL;
NTTDATA;INC000007820824;Asigna;Nivel 1 deriv;1;N1_SD_MOVIL_DIGITAL;
NTTDATA;INC000007820817;Asigna;Nivel 1 deriv;1;N1_SD_MOVIL_POWER;
NTTDATA;INC000007820809;Asigna;Nivel 1 deriv;1;N1_SD_MOVIL_DIGITAL;
NTTDATA;INC000007820806;Asigna;Nivel 1 deriv;1;N1_SD_MOVIL_DIGITAL;
NTTDATA;INC000007820805;Asigna;Nivel 1 deriv;1;N1_SD_MOVIL_DIGITAL;
NTTDATA;INC000007820800;Asigna;Nivel 1 deriv;1;N1_SD_MOVIL_DIGITAL;
NTTDATA;INC000007820626;Asigna;Nivel 1 deriv;1;N1_SD_TGT_WEB;
NTTDATA;INC000007820579;Asigna;Nivel 1 deriv;1;N1_SD_MOVIL_DIGITAL;
NTTDATA;INC000007820552;Asigna;Nivel 1 deriv;1;N1_SD_MOVIL_DIGITAL;
NTTDATA;INC000007820513;Asigna;Nivel 1 deriv;1;N1_SD_MOVIL_DIGITAL;
NTTDATA;INC000007820508;Asigna;Nivel 1 deriv;1;N1_SD_MOVIL_DIGITAL;
NTTDATA;INC000007820477;Asigna;Nivel 1 deriv;1;N1_SD_MOVIL_DIGITAL;
NTTDATA;INC000007820456;Asigna;Nivel 1 deriv;1;N1_SD_MOVIL_DIGITAL;
NTTDATA;INC000007820427;Asigna;Nivel 1 deriv;1;N1_SD_MOVIL_DIGITAL;
NTTDATA;INC000007820374;Asigna;Nivel 1 deriv;1;N1_SD_MOVIL_POWER;
NTTDATA;INC000007820371;Asigna;Nivel 1 deriv;1;N1_SD_TGT_WEB;
NTTDATA;INC000007820351;Asigna;Nivel 1 deriv;1;N1_SD_TGT_WEB;
NTTDATA;INC000007820345;Asigna;Nivel 1 deriv;1;N1_SD_TGT_WEB;
NTTDATA;INC000007820341;Asigna;Nivel 1 deriv;1;N1_SD_MOVIL_DIGITAL;
NTTDATA;INC000007820322;Asigna;Nivel 1 deriv;1;N1_SD_TGT_WEB;
NTTDATA;INC000007820321;Asigna;Nivel 1 deriv;1;N1_SD_MOVIL_DIGITAL;
NTTDATA;INC000007820246;Asigna;Nivel 1 deriv;1;N1_SD_MOVIL_DIGITAL;
NTTDATA;INC000007820031;Asigna;Nivel 1 deriv;1;N1_SD_MOVIL_DIGITAL;
NTTDATA;INC000007820025;Asigna;Nivel 1 deriv;1;N1_SD_MOVIL_DIGITAL;
NTTDATA;INC000007820008;Asigna;Nivel 1 deriv;1;N1_SD_MOVIL_DIGITAL;
NTTDATA;INC000007819996;Asigna;Nivel 1 deriv;1;N1_SD_MOVIL_DIGITAL;
NTTDATA;INC000007819968;Asigna;Nivel 1 deriv;1;N1_SD_MOVIL_DIGITAL;
NTTDATA;INC000007819836;Asigna;Nivel 1 deriv;1;N1_SD_MOVIL_DIGITAL;
NTTDATA;INC000007819809;Asigna;Nivel 1 deriv;1;N1_SD_MOVIL_DIGITAL;
NTTDATA;INC000007819798;Asigna;Nivel 1 deriv;1;N1_SD_TGT_WEB;
NTTDATA;INC000007819794;Asigna;Nivel 1 deriv;1;N1_SD_MOVIL_DIGITAL;
NTTDATA;INC000007819779;Asigna;Nivel 1 deriv;1;N1_SD_TGT_WEB;
NTTDATA;INC000007819767;Asigna;Nivel 1 deriv;1;N1_SD_MOVIL_DIGITAL;
NTTDATA;INC000007819762;Asigna;Nivel 1 deriv;1;N1_SD_MOVIL_DIGITAL;
NTTDATA;INC000007819755;Asigna;Nivel 1 deriv;1;N1_SD_MOVIL_DIGITAL;
NTTDATA;INC000007819747;Asigna;Nivel 1 deriv;1;N1_SD_MOVIL_DIGITAL;
NTTDATA;INC000007819746;Asigna;Nivel 1 deriv;1;N1_SD_TGT_WEB;
NTTDATA;INC000007819616;Asigna;Nivel 1 deriv;1;N1_SD_MOVIL_DIGITAL;
NTTDATA;INC000007819600;Asigna;Nivel 1 deriv;1;N1_SD_MOVIL_DIGITAL;
NTTDATA;INC000007819591;Asigna;Nivel 1 deriv;1;N1_SD_MOVIL_DIGITAL;
NTTDATA;INC000007819584;Asigna;Nivel 1 deriv;1;N1_SD_MOVIL_DIGITAL;
NTTDATA;INC000007819567;Asigna;Nivel 1 deriv;1;N1_SD_MOVIL_DIGITAL;
NTTDATA;INC000007819435;Asigna;Nivel 1 deriv;1;N1_SD_MOVIL_DIGITAL;
NTTDATA;INC000007819424;Asigna;Nivel 1 deriv;1;N1_SD_TGT_WEB;
NTTDATA;INC000007819408;Asigna;Nivel 1 deriv;1;N1_SD_MOVIL_POWER;
NTTDATA;INC000007819404;Asigna;Nivel 1 deriv;1;N1_SD_MOVIL_DIGITAL;
NTTDATA;INC000007819403;Asigna;Nivel 1 deriv;1;N1_SD_TGT_WEB;
NTTDATA;INC000007819401;Asigna;Nivel 1 deriv;1;N1_SD_MOVIL_DIGITAL;
NTTDATA;INC000007819393;Asigna;Nivel 1 deriv;1;N1_SD_TGT_WEB;
NTTDATA;INC000007819390;Asigna;Nivel 1 deriv;1;N1_SD_MOVIL_DIGITAL;
NTTDATA;INC000007819233;Asigna;Nivel 1 deriv;1;N1_SD_MOVIL_DIGITAL;
NTTDATA;INC000007819231;Asigna;Nivel 1 deriv;1;N1_SD_MOVIL_DIGITAL;
NTTDATA;INC000007819226;Asigna;Nivel 1 deriv;1;N1_SD_MOVIL_POWER;
NTTDATA;INC000007819218;Asigna;Nivel 1 deriv;1;N1_SD_MOVIL_DIGITAL;
NTTDATA;INC000007819113;Asigna;Nivel 1 deriv;1;N1_SD_MOVIL_DIGITAL;
NTTDATA;INC000007819046;Asigna;Nivel 1 deriv;1;N1_SD_TGT_WEB;
NTTDATA;INC000007818825;Asigna;Nivel 1 deriv;1;N1_SD_TGT_WEB;
NTTDATA;INC000007818797;Asigna;Nivel 1 deriv;1;N1_SD_MOVIL_DIGITAL;
NTTDATA;INC000007818794;Asigna;Nivel 1 deriv;1;N1_SD_MOVIL_DIGITAL;
NTTDATA;INC000007818788;Asigna;Nivel 1 deriv;1;N1_SD_MOVIL_DIGITAL;
NTTDATA;INC000007818746;Asigna;Nivel 1 deriv;1;N1_SD_MOVIL_DIGITAL;
NTTDATA;INC000007818529;Asigna;Nivel 1 deriv;1;N1_SD_MOVIL_DIGITAL;
NTTDATA;INC000007818521;Asigna;Nivel 1 deriv;1;N1_SD_TGT_WEB;
NTTDATA;INC000007818515;Asigna;Nivel 1 deriv;1;N1_SD_MOVIL_DIGITAL;
NTTDATA;INC000007818511;Asigna;Nivel 1 deriv;1;N1_SD_MOVIL_DIGITAL;
NTTDATA;INC000007818510;Asigna;Nivel 1 deriv;1;N1_SD_MOVIL_DIGITAL;
NTTDATA;INC000007818509;Asigna;Nivel 1 deriv;1;N1_SD_MOVIL_DIGITAL;
NTTDATA;INC000007818486;Asigna;Nivel 1 deriv;1;N1_SD_TGT_WEB;
NTTDATA;INC000007818484;Asigna;Nivel 1 deriv;1;N1_SD_MOVIL_DIGITAL;
NTTDATA;INC000007818482;Asigna;Nivel 1 deriv;1;N1_SD_MOVIL_DIGITAL;
NTTDATA;INC000007818468;Asigna;Nivel 1 deriv;1;N1_SD_TGT_WEB;
NTTDATA;INC000007818460;Asigna;Nivel 1 deriv;1;N1_SD_MOVIL_DIGITAL;
NTTDATA;INC000007818340;Asigna;Nivel 1 deriv;1;N1_SD_MOVIL_DIGITAL;
NTTDATA;INC000007818334;Asigna;Nivel 1 deriv;1;N1_SD_MOVIL_DIGITAL;
NTTDATA;INC000007818325;Asigna;Nivel 1 deriv;1;N1_SD_MOVIL_DIGITAL;
NTTDATA;INC000007818321;Asigna;Nivel 1 deriv;1;N1_SD_MOVIL_DIGITAL;
NTTDATA;INC000007818311;Asigna;Nivel 1 deriv;1;N1_SD_TGT_WEB;
NTTDATA;INC000007818273;Asigna;Nivel 1 deriv;1;N1_SD_MOVIL_DIGITAL;
NTTDATA;INC000007818269;Asigna;Nivel 1 deriv;1;N1_SD_MOVIL_POWER;
NTTDATA;INC000007818265;Asigna;Nivel 1 deriv;1;N1_SD_MOVIL_DIGITAL;
NTTDATA;INC000007818257;Asigna;Nivel 1 deriv;1;N1_SD_MOVIL_DIGITAL;
NTTDATA;INC000007818251;Asigna;Nivel 1 deriv;1;N1_SD_MOVIL_DIGITAL;
NTTDATA;INC000007818250;Asigna;Nivel 1 deriv;1;N1_SD_MOVIL_DIGITAL;
NTTDATA;INC000007818142;Asigna;Nivel 1 deriv;1;N1_SD_MOVIL_DIGITAL;
NTTDATA;INC000007818137;Asigna;Nivel 1 deriv;1;N1_SD_MOVIL_DIGITAL;
NTTDATA;INC000007818135;Asigna;Nivel 1 deriv;1;N1_SD_MOVIL_DIGITAL;
NTTDATA;INC000007818125;Asigna;Nivel 1 deriv;1;N1_SD_MOVIL_POWER;
NTTDATA;INC000007818121;Asigna;Nivel 1 deriv;1;N1_SD_MOVIL_DIGITAL;
NTTDATA;INC000007818105;Asigna;Nivel 1 deriv;1;N1_SD_MOVIL_DIGITAL;
NTTDATA;INC000007818104;Asigna;Nivel 1 deriv;1;N1_SD_MOVIL_DIGITAL;
NTTDATA;INC000007818100;Asigna;Nivel 1 deriv;1;N1_SD_MOVIL_POWER;
NTTDATA;INC000007818093;Asigna;Nivel 1 deriv;1;N1_SD_TGT_WEB;
NTTDATA;INC000007818090;Asigna;Nivel 1 deriv;1;N1_SD_MOVIL_POWER;
NTTDATA;INC000007818081;Asigna;Nivel 1 deriv;1;N1_SD_MOVIL_DIGITAL;
NTTDATA;INC000007818074;Asigna;Nivel 1 deriv;1;N1_SD_MOVIL_DIGITAL;
NTTDATA;INC000007818065;Asigna;Nivel 1 deriv;1;N1_SD_MOVIL_DIGITAL;
NTTDATA;INC000007818062;Asigna;Nivel 1 deriv;1;N1_SD_MOVIL_DIGITAL;
NTTDATA;INC000007817920;Asigna;Nivel 1 deriv;1;N1_SD_TGT_WEB;
NTTDATA;INC000007817919;Asigna;Nivel 1 deriv;1;N1_SD_TGT_WEB;
NTTDATA;INC000007817915;Asigna;Nivel 1 deriv;1;N1_SD_MOVIL_DIGITAL;
NTTDATA;INC000007817884;Asigna;Nivel 1 deriv;1;N1_SD_TGT_WEB;
NTTDATA;INC000007817880;Asigna;Nivel 1 deriv;1;N1_SD_MOVIL_DIGITAL;
NTTDATA;INC000007817878;Asigna;Nivel 1 deriv;1;N1_SD_MOVIL_DIGITAL;
NTTDATA;INC000007817869;Asigna;Nivel 1 deriv;1;N1_SD_MOVIL_DIGITAL;
NTTDATA;INC000007817868;Asigna;Nivel 1 deriv;1;N1_SD_MOVIL_DIGITAL;
NTTDATA;INC000007817865;Asigna;Nivel 1 deriv;1;N1_SD_MOVIL_DIGITAL;
NTTDATA;INC000007817863;Asigna;Nivel 1 deriv;1;N1_SD_MOVIL_DIGITAL;
NTTDATA;INC000007817860;Asigna;Nivel 1 deriv;1;N1_SD_MOVIL_DIGITAL;
NTTDATA;INC000007817859;Asigna;Nivel 1 deriv;1;N1_SD_MOVIL_DIGITAL;
NTTDATA;INC000007817856;Asigna;Nivel 1 deriv;1;N1_SD_MOVIL_DIGITAL;
NTTDATA;INC000007817855;Asigna;Nivel 1 deriv;1;N1_SD_MOVIL_DIGITAL;
NTTDATA;INC000007817846;Asigna;Nivel 1 deriv;1;N1_SD_MOVIL_DIGITAL;
NTTDATA;INC000007817718;Asigna;Nivel 1 deriv;1;N1_SD_MOVIL_DIGITAL;
NTTDATA;INC000007817712;Asigna;Nivel 1 deriv;1;N1_SD_MOVIL_DIGITAL;
NTTDATA;INC000007817641;Asigna;Nivel 1 deriv;1;N1_SD_MOVIL_DIGITAL;
NTTDATA;INC000007817635;Asigna;Nivel 1 deriv;1;N1_SD_TGT_WEB;
NTTDATA;INC000007817603;Asigna;Nivel 1 deriv;1;N1_SD_MOVIL_DIGITAL;
NTTDATA;INC000007817451;Asigna;Nivel 1 deriv;1;N1_SD_TGT_WEB;
NTTDATA;INC000007817392;Asigna;Nivel 1 deriv;1;N1_SD_MOVIL_DIGITAL;
NTTDATA;INC000007817355;Asigna;Nivel 1 deriv;1;N1_SD_MOVIL_DIGITAL;
NTTDATA;INC000007817344;Asigna;Nivel 1 deriv;1;N1_SD_TGT_WEB;
NTTDATA;INC000007817343;Asigna;Nivel 1 deriv;1;N1_SD_MOVIL_DIGITAL;
NTTDATA;INC000007817235;Asigna;Nivel 1 deriv;1;N1_SD_MOVIL_DIGITAL;
NTTDATA;INC000007817233;Asigna;Nivel 1 deriv;1;N1_SD_MOVIL_DIGITAL;
NTTDATA;INC000007817222;Asigna;Nivel 1 deriv;1;N1_SD_MOVIL_DIGITAL;
NTTDATA;INC000007817180;Asigna;Nivel 1 deriv;1;N1_SD_TGT_WEB;
NTTDATA;INC000007817179;Asigna;Nivel 1 deriv;1;N1_SD_MOVIL_DIGITAL;
NTTDATA;INC000007817176;Asigna;Nivel 1 deriv;1;N1_SD_TGT_WEB;
NTTDATA;INC000007817149;Asigna;Nivel 1 deriv;1;N1_SD_MOVIL_DIGITAL;
NTTDATA;INC000007817144;Asigna;Nivel 1 deriv;1;N1_SD_MOVIL_DIGITAL;
NTTDATA;INC000007817111;Asigna;Nivel 1 deriv;1;N1_SD_TGT_WEB;
NTTDATA;INC000007817110;Asigna;Nivel 1 deriv;1;N1_SD_MOVIL_DIGITAL;
NTTDATA;INC000007817085;Asigna;Nivel 1 deriv;1;N1_SD_TGT_WEB;
NTTDATA;INC000007817082;Asigna;Nivel 1 deriv;1;N1_SD_MOVIL_DIGITAL;
NTTDATA;INC000007817050;Asigna;Nivel 1 deriv;1;N1_SD_MOVIL_DIGITAL;
NTTDATA;INC000007816842;Asigna;Nivel 1 deriv;1;N1_SD_TGT_WEB;
NTTDATA;INC000007816830;Asigna;Nivel 1 deriv;1;N1_SD_MOVIL_DIGITAL;
NTTDATA;INC000007816821;Asigna;Nivel 1 deriv;1;N1_SD_MOVIL_POWER;
NTTDATA;INC000007816803;Asigna;Nivel 1 deriv;1;N1_SD_MOVIL_DIGITAL;
NTTDATA;INC000007816778;Asigna;Nivel 1 deriv;1;N1_SD_TGT_WEB;
NTTDATA;INC000007816749;Asigna;Nivel 1 deriv;1;N1_SD_MOVIL_DIGITAL;
NTTDATA;INC000007816748;Asigna;Nivel 1 deriv;1;N1_SD_MOVIL_DIGITAL;
NTTDATA;INC000007816632;Asigna;Nivel 1 deriv;1;N1_SD_MOVIL_DIGITAL;
NTTDATA;INC000007816620;Asigna;Nivel 1 deriv;1;N1_SD_MOVIL_DIGITAL;
NTTDATA;INC000007816614;Asigna;Nivel 1 deriv;1;N1_SD_TGT_WEB;
NTTDATA;INC000007816613;Asigna;Nivel 1 deriv;1;N1_SD_MOVIL_POWER;
NTTDATA;INC000007816609;Asigna;Nivel 1 deriv;1;N1_SD_MOVIL_DIGITAL;
NTTDATA;INC000007816591;Asigna;Nivel 1 deriv;1;N1_SD_MOVIL_DIGITAL;
NTTDATA;INC000007816576;Asigna;Nivel 1 deriv;1;N1_SD_TGT_WEB;
NTTDATA;INC000007816544;Asigna;Nivel 1 deriv;1;N1_SD_MOVIL_DIGITAL;
NTTDATA;INC000007816438;Asigna;Nivel 1 deriv;1;N1_SD_MOVIL_DIGITAL;
NTTDATA;INC000007816432;Asigna;Nivel 1 deriv;1;N1_SD_MOVIL_DIGITAL;
NTTDATA;INC000007816412;Asigna;Nivel 1 deriv;1;N1_SD_MOVIL_DIGITAL;
NTTDATA;INC000007816381;Asigna;Nivel 1 deriv;1;N1_SD_MOVIL_DIGITAL;
NTTDATA;INC000007816350;Asigna;Nivel 1 deriv;1;N1_SD_MOVIL_DIGITAL;
NTTDATA;INC000007816347;Asigna;Nivel 1 deriv;1;N1_SD_MOVIL_DIGITAL;
NTTDATA;INC000007816346;Asigna;Nivel 1 deriv;1;N1_SD_MOVIL_DIGITAL;
NTTDATA;INC000007816285;Asigna;Nivel 1 deriv;1;N1_SD_MOVIL_DIGITAL;
NTTDATA;INC000007816242;Asigna;Nivel 1 deriv;1;N1_SD_TGT_WEB;
NTTDATA;INC000007816240;Asigna;Nivel 1 deriv;1;N1_SD_MOVIL_POWER;
NTTDATA;INC000007816221;Asigna;Nivel 1 deriv;1;N1_SD_TGT_WEB;
NTTDATA;INC000007816212;Asigna;Nivel 1 deriv;1;N1_SD_MOVIL_DIGITAL;
NTTDATA;INC000007815895;Asigna;Nivel 1 deriv;1;N1_SD_MOVIL_DIGITAL;
NTTDATA;INC000007815887;Asigna;Nivel 1 deriv;1;N1_SD_MOVIL_DIGITAL;
NTTDATA;INC000007815866;Asigna;Nivel 1 deriv;1;N1_SD_MOVIL_DIGITAL;
NTTDATA;INC000007815704;Asigna;Nivel 1 deriv;1;N1_SD_MOVIL_DIGITAL;
NTTDATA;INC000007815676;Asigna;Nivel 1 deriv;1;N1_SD_TGT_WEB;
NTTDATA;INC000007815638;Asigna;Nivel 1 deriv;1;N1_SD_MOVIL_DIGITAL;
NTTDATA;INC000007815628;Asigna;Nivel 1 deriv;1;N1_SD_MOVIL_DIGITAL;
NTTDATA;INC000007815625;Asigna;Nivel 1 deriv;1;N1_SD_MOVIL_DIGITAL;
NTTDATA;INC000007815621;Asigna;Nivel 1 deriv;1;N1_SD_TGT_WEB;
NTTDATA;INC000007815611;Asigna;Nivel 1 deriv;1;N1_SD_MOVIL_DIGITAL;
NTTDATA;INC000007815605;Asigna;Nivel 1 deriv;1;N1_SD_MOVIL_DIGITAL;
NTTDATA;INC000007815555;Asigna;Nivel 1 deriv;1;N1_SD_MOVIL_DIGITAL;
NTTDATA;INC000007815342;Asigna;Nivel 1 deriv;1;N1_SD_MOVIL_DIGITAL;
NTTDATA;INC000007815339;Asigna;Nivel 1 deriv;1;N1_SD_TGT_WEB;
NTTDATA;INC000007815317;Asigna;Nivel 1 deriv;1;N1_SD_MOVIL_DIGITAL;
NTTDATA;INC000007815301;Asigna;Nivel 1 deriv;1;N1_SD_MOVIL_DIGITAL;
NTTDATA;INC000007815278;Asigna;Nivel 1 deriv;1;N1_SD_MOVIL_DIGITAL;
NTTDATA;INC000007815253;Asigna;Nivel 1 deriv;1;N1_SD_MOVIL_DIGITAL;
NTTDATA;INC000007815224;Asigna;Nivel 1 deriv;1;N1_SD_MOVIL_DIGITAL;
NTTDATA;INC000007815215;Asigna;Nivel 1 deriv;1;N1_SD_MOVIL_DIGITAL;
NTTDATA;INC000007815214;Asigna;Nivel 1 deriv;1;N1_SD_MOVIL_DIGITAL;
NTTDATA;INC000007815202;Asigna;Nivel 1 deriv;1;N1_SD_MOVIL_DIGITAL;
NTTDATA;INC000007815190;Asigna;Nivel 1 deriv;1;N1_SD_MOVIL_DIGITAL;
NTTDATA;INC000007815181;Asigna;Nivel 1 deriv;1;N1_SD_TGT_WEB;
NTTDATA;INC000007815166;Asigna;Nivel 1 deriv;1;N1_SD_MOVIL_DIGITAL;
NTTDATA;INC000007815163;Asigna;Nivel 1 deriv;1;N1_SD_TGT_WEB;
NTTDATA;INC000007815160;Asigna;Nivel 1 deriv;1;N1_SD_TGT_WEB;
NTTDATA;INC000007815153;Asigna;Nivel 1 deriv;1;N1_SD_MOVIL_DIGITAL;
NTTDATA;INC000007815150;Asigna;Nivel 1 deriv;1;N1_SD_TGT_WEB;
NTTDATA;INC000007815047;Asigna;Nivel 1 deriv;1;N1_MASIVOS_DIGITAL;
NTTDATA;INC000007814910;Asigna;Nivel 1 deriv;1;N1_SD_MOVIL_DIGITAL;
NTTDATA;INC000007814909;Asigna;Nivel 1 deriv;1;N1_SD_MOVIL_DIGITAL;
NTTDATA;INC000007814906;Asigna;Nivel 1 deriv;1;N1_SD_MOVIL_DIGITAL;
NTTDATA;INC000007814894;Asigna;Nivel 1 deriv;1;N1_SD_MOVIL_DIGITAL;
NTTDATA;INC000007814885;Asigna;Nivel 1 deriv;1;N1_SD_MOVIL_DIGITAL;
NTTDATA;INC000007814881;Asigna;Nivel 1 deriv;1;N1_SD_MOVIL_DIGITAL;
NTTDATA;INC000007814866;Asigna;Nivel 1 deriv;1;N1_SD_MOVIL_DIGITAL;
NTTDATA;INC000007814524;Asigna;Nivel 1 deriv;1;N1_SD_TGT_WEB;
NTTDATA;INC000007814519;Asigna;Nivel 1 deriv;1;N1_SD_MOVIL_DIGITAL;
NTTDATA;INC000007814515;Asigna;Nivel 1 deriv;1;N1_SD_MOVIL_DIGITAL;
NTTDATA;INC000007814504;Asigna;Nivel 1 deriv;1;N1_SD_MOVIL_DIGITAL;
NTTDATA;INC000007814491;Asigna;Nivel 1 deriv;1;N1_SD_MOVIL_DIGITAL;
NTTDATA;INC000007814485;Asigna;Nivel 1 deriv;1;N1_SD_MOVIL_DIGITAL;
NTTDATA;INC000007814480;Asigna;Nivel 1 deriv;1;N1_SD_TGT_WEB;
NTTDATA;INC000007814477;Asigna;Nivel 1 deriv;1;N1_SD_MOVIL_DIGITAL;
NTTDATA;INC000007814441;Asigna;Nivel 1 deriv;1;N1_SD_MOVIL_DIGITAL;
NTTDATA;INC000007814412;Asigna;Nivel 1 deriv;1;N1_SD_MOVIL_DIGITAL;
NTTDATA;INC000007814406;Asigna;Nivel 1 deriv;1;N1_SD_MOVIL_DIGITAL;
NTTDATA;INC000007814389;Asigna;Nivel 1 deriv;1;N1_SD_MOVIL_DIGITAL;
NTTDATA;INC000007814365;Asigna;Nivel 1 deriv;1;N1_SD_MOVIL_DIGITAL;
NTTDATA;INC000007814248;Asigna;Nivel 1 deriv;1;N1_SD_MOVIL_DIGITAL;
NTTDATA;INC000007814118;Asigna;Nivel 1 deriv;1;N1_SD_MOVIL_DIGITAL;
NTTDATA;INC000007814115;Asigna;Nivel 1 deriv;1;N1_SD_TGT_WEB;
NTTDATA;INC000007814111;Asigna;Nivel 1 deriv;1;N1_SD_MOVIL_DIGITAL;
NTTDATA;INC000007814106;Asigna;Nivel 1 deriv;1;N1_SD_TGT_WEB;
NTTDATA;INC000007814103;Asigna;Nivel 1 deriv;1;N1_SD_MOVIL_DIGITAL;
NTTDATA;INC000007814096;Asigna;Nivel 1 deriv;1;N1_SD_MOVIL_DIGITAL;
NTTDATA;INC000007814094;Asigna;Nivel 1 deriv;1;N1_SD_MOVIL_DIGITAL;
NTTDATA;INC000007814041;Asigna;Nivel 1 deriv;1;N1_SD_MOVIL_DIGITAL;
NTTDATA;INC000007814040;Asigna;Nivel 1 deriv;1;N1_SD_MOVIL_DIGITAL;
NTTDATA;INC000007814037;Asigna;Nivel 1 deriv;1;N1_SD_MOVIL_POWER;
NTTDATA;INC000007813772;Asigna;Nivel 1 deriv;1;N1_SD_MOVIL_DIGITAL;
NTTDATA;INC000007813762;Asigna;Nivel 1 deriv;1;N1_SD_MOVIL_DIGITAL;
NTTDATA;INC000007813757;Asigna;Nivel 1 deriv;1;N1_SD_MOVIL_DIGITAL;
NTTDATA;INC000007813755;Asigna;Nivel 1 deriv;1;N1_SD_MOVIL_DIGITAL;
NTTDATA;INC000007813747;Asigna;Nivel 1 deriv;1;N1_SD_MOVIL_DIGITAL;
NTTDATA;INC000007813680;Asigna;Nivel 1 deriv;1;N1_SD_MOVIL_DIGITAL;
NTTDATA;INC000007813677;Asigna;Nivel 1 deriv;1;N1_SD_MOVIL_DIGITAL;
NTTDATA;INC000007813672;Asigna;Nivel 1 deriv;1;N1_SD_MOVIL_DIGITAL;
NTTDATA;INC000007813671;Asigna;Nivel 1 deriv;1;N1_SD_MOVIL_POWER;
NTTDATA;INC000007813669;Asigna;Nivel 1 deriv;1;N1_SD_MOVIL_DIGITAL;
NTTDATA;INC000007813652;Asigna;Nivel 1 deriv;1;N1_SD_MOVIL_DIGITAL;
NTTDATA;INC000007813643;Asigna;Nivel 1 deriv;1;N1_SD_MOVIL_DIGITAL;
NTTDATA;INC000007813639;Asigna;Nivel 1 deriv;1;N1_SD_MOVIL_DIGITAL;
NTTDATA;INC000007813633;Asigna;Nivel 1 deriv;1;N1_SD_MOVIL_DIGITAL;
NTTDATA;INC000007813631;Asigna;Nivel 1 deriv;1;N1_SD_MOVIL_DIGITAL;
NTTDATA;INC000007813625;Asigna;Nivel 1 deriv;1;N1_SD_MOVIL_DIGITAL;
NTTDATA;INC000007813612;Asigna;Nivel 1 deriv;1;N1_SD_MOVIL_DIGITAL;
NTTDATA;INC000007813603;Asigna;Nivel 1 deriv;1;N1_SD_TGT_WEB;
NTTDATA;INC000007813597;Asigna;Nivel 1 deriv;1;N1_SD_MOVIL_DIGITAL;
NTTDATA;INC000007813594;Asigna;Nivel 1 deriv;1;N1_SD_MOVIL_DIGITAL;
NTTDATA;INC000007813591;Asigna;Nivel 1 deriv;1;N1_SD_MOVIL_DIGITAL;
NTTDATA;INC000007813588;Asigna;Nivel 1 deriv;1;N1_SD_MOVIL_DIGITAL;
NTTDATA;INC000007813586;Asigna;Nivel 1 deriv;1;N1_SD_MOVIL_DIGITAL;
NTTDATA;INC000007813583;Asigna;Nivel 1 deriv;1;N1_SD_MOVIL_DIGITAL;
NTTDATA;INC000007813582;Asigna;Nivel 1 deriv;1;N1_SD_MOVIL_DIGITAL;
NTTDATA;INC000007813342;Asigna;Nivel 1 deriv;1;N1_SD_TGT_WEB;
NTTDATA;INC000007813335;Asigna;Nivel 1 deriv;1;N1_SD_MOVIL_DIGITAL;
NTTDATA;INC000007813333;Asigna;Nivel 1 deriv;1;N1_SD_MOVIL_DIGITAL;
NTTDATA;INC000007813332;Asigna;Nivel 1 deriv;1;N1_SD_MOVIL_DIGITAL;
NTTDATA;INC000007813330;Asigna;Nivel 1 deriv;1;N1_SD_MOVIL_DIGITAL;
NTTDATA;INC000007813328;Asigna;Nivel 1 deriv;1;N1_SD_MOVIL_DIGITAL;
NTTDATA;INC000007813326;Asigna;Nivel 1 deriv;1;N1_SD_MOVIL_DIGITAL;
NTTDATA;INC000007813320;Asigna;Nivel 1 deriv;1;N1_SD_TGT_WEB;
NTTDATA;INC000007813127;Asigna;Nivel 1 deriv;1;N1_SD_MOVIL_DIGITAL;
NTTDATA;INC000007813114;Asigna;Nivel 1 deriv;1;N1_SD_MOVIL_DIGITAL;
NTTDATA;INC000007813096;Asigna;Nivel 1 deriv;1;N1_SD_MOVIL_DIGITAL;
NTTDATA;INC000007813083;Asigna;Nivel 1 deriv;1;N1_SD_MOVIL_DIGITAL;
NTTDATA;INC000007813081;Asigna;Nivel 1 deriv;1;N1_SD_MOVIL_DIGITAL;
NTTDATA;INC000007813044;Asigna;Nivel 1 deriv;1;N1_SD_MOVIL_POWER;
NTTDATA;INC000007813043;Asigna;Nivel 1 deriv;1;N1_SD_MOVIL_DIGITAL;
NTTDATA;INC000007812940;Asigna;Nivel 1 deriv;1;N1_SD_MOVIL_DIGITAL;
NTTDATA;INC000007812931;Asigna;Nivel 1 deriv;1;N1_SD_MOVIL_DIGITAL;
NTTDATA;INC000007812926;Asigna;Nivel 1 deriv;1;N1_SD_TGT_WEB;
NTTDATA;INC000007812915;Asigna;Nivel 1 deriv;1;N1_SD_MOVIL_DIGITAL;
NTTDATA;INC000007812905;Asigna;Nivel 1 deriv;1;N1_SD_MOVIL_POWER;
NTTDATA;INC000007812901;Asigna;Nivel 1 deriv;1;N1_SD_TGT_WEB;
NTTDATA;INC000007812899;Asigna;Nivel 1 deriv;1;N1_SD_MOVIL_DIGITAL;
NTTDATA;INC000007812872;Asigna;Nivel 1 deriv;1;N1_SD_TGT_WEB;
NTTDATA;INC000007812869;Asigna;Nivel 1 deriv;1;N1_SD_MOVIL_DIGITAL;
NTTDATA;INC000007812861;Asigna;Nivel 1 deriv;1;N1_SD_MOVIL_DIGITAL;
NTTDATA;INC000007812853;Asigna;Nivel 1 deriv;1;N1_SD_MOVIL_DIGITAL;
NTTDATA;INC000007812845;Asigna;Nivel 1 deriv;1;N1_SD_MOVIL_DIGITAL;
NTTDATA;INC000007812697;Asigna;Nivel 1 deriv;1;N1_SD_MOVIL_DIGITAL;
NTTDATA;INC000007812688;Asigna;Nivel 1 deriv;1;N1_SD_MOVIL_DIGITAL;
NTTDATA;INC000007812680;Asigna;Nivel 1 deriv;1;N1_SD_MOVIL_DIGITAL;
NTTDATA;INC000007812674;Asigna;Nivel 1 deriv;1;N1_SD_MOVIL_DIGITAL;
NTTDATA;INC000007812436;Asigna;Nivel 1 deriv;1;N1_SD_MOVIL_DIGITAL;
NTTDATA;INC000007812429;Asigna;Nivel 1 deriv;1;N1_SD_MOVIL_DIGITAL;
NTTDATA;INC000007812425;Asigna;Nivel 1 deriv;1;N1_SD_MOVIL_DIGITAL;
NTTDATA;INC000007812408;Asigna;Nivel 1 deriv;1;N1_SD_MOVIL_DIGITAL;
NTTDATA;INC000007812402;Asigna;Nivel 1 deriv;1;N1_SD_MOVIL_POWER;
NTTDATA;INC000007812395;Asigna;Nivel 1 deriv;1;N1_SD_TGT_WEB;
NTTDATA;INC000007812391;Asigna;Nivel 1 deriv;1;N1_SD_MOVIL_DIGITAL;
NTTDATA;INC000007812381;Asigna;Nivel 1 deriv;1;N1_SD_MOVIL_DIGITAL;
NTTDATA;INC000007812369;Asigna;Nivel 1 deriv;1;N1_SD_MOVIL_POWER;
NTTDATA;INC000007812364;Asigna;Nivel 1 deriv;1;N1_SD_MOVIL_DIGITAL;
NTTDATA;INC000007812357;Asigna;Nivel 1 deriv;1;N1_SD_MOVIL_DIGITAL;
NTTDATA;INC000007812356;Asigna;Nivel 1 deriv;1;N1_SD_MOVIL_DIGITAL;
NTTDATA;INC000007812343;Asigna;Nivel 1 deriv;1;N1_SD_MOVIL_DIGITAL;
NTTDATA;INC000007812240;Asigna;Nivel 1 deriv;1;N1_SD_MOVIL_DIGITAL;
NTTDATA;INC000007812235;Asigna;Nivel 1 deriv;1;N1_SD_MOVIL_POWER;
NTTDATA;INC000007812220;Asigna;Nivel 1 deriv;1;N1_SD_MOVIL_DIGITAL;
NTTDATA;INC000007812186;Asigna;Nivel 1 deriv;1;N1_SD_MOVIL_DIGITAL;
NTTDATA;INC000007812184;Asigna;Nivel 1 deriv;1;N1_SD_MOVIL_DIGITAL;
NTTDATA;INC000007812175;Asigna;Nivel 1 deriv;1;N1_SD_MOVIL_DIGITAL;
NTTDATA;INC000007812156;Asigna;Nivel 1 deriv;1;N1_SD_MOVIL_DIGITAL;
NTTDATA;INC000007812148;Asigna;Nivel 1 deriv;1;N1_SD_MOVIL_DIGITAL;
NTTDATA;INC000007811940;Asigna;Nivel 1 deriv;1;N1_SD_MOVIL_DIGITAL;
NTTDATA;INC000007811926;Asigna;Nivel 1 deriv;1;N1_SD_MOVIL_DIGITAL;
NTTDATA;INC000007811911;Asigna;Nivel 1 deriv;1;N1_SD_MOVIL_POWER;
NTTDATA;INC000007811897;Asigna;Nivel 1 deriv;1;N1_SD_MOVIL_DIGITAL;
NTTDATA;INC000007811891;Asigna;Nivel 1 deriv;1;N1_SD_MOVIL_DIGITAL;
NTTDATA;INC000007811842;Asigna;Nivel 1 deriv;1;N1_SD_MOVIL_POWER;
NTTDATA;INC000007811841;Asigna;Nivel 1 deriv;1;N1_SD_MOVIL_DIGITAL;
NTTDATA;INC000007811838;Asigna;Nivel 1 deriv;1;N1_SD_MOVIL_DIGITAL;
NTTDATA;INC000007811825;Asigna;Nivel 1 deriv;1;N1_SD_MOVIL_DIGITAL;
NTTDATA;INC000007811620;Asigna;Nivel 1 deriv;1;N1_SD_MOVIL_DIGITAL;
NTTDATA;INC000007811577;Asigna;Nivel 1 deriv;1;N1_SD_MOVIL_DIGITAL;
NTTDATA;INC000007811565;Asigna;Nivel 1 deriv;1;N1_SD_TGT_WEB;
NTTDATA;INC000007811546;Asigna;Nivel 1 deriv;1;N1_SD_MOVIL_DIGITAL;
NTTDATA;INC000007811539;Asigna;Nivel 1 deriv;1;N1_SD_MOVIL_DIGITAL;
NTTDATA;INC000007811536;Asigna;Nivel 1 deriv;1;N1_SD_TGT_WEB;
NTTDATA;INC000007811519;Asigna;Nivel 1 deriv;1;N1_SD_MOVIL_DIGITAL;
NTTDATA;INC000007811507;Asigna;Nivel 1 deriv;1;N1_SD_TGT_WEB;
NTTDATA;INC000007811503;Asigna;Nivel 1 deriv;1;N1_SD_MOVIL_DIGITAL;
NTTDATA;INC000007811486;Asigna;Nivel 1 deriv;1;N1_SD_MOVIL_DIGITAL;
NTTDATA;INC000007811485;Asigna;Nivel 1 deriv;1;N1_SD_MOVIL_DIGITAL;
NTTDATA;INC000007811480;Asigna;Nivel 1 deriv;1;N1_SD_MOVIL_DIGITAL;
NTTDATA;INC000007811464;Asigna;Nivel 1 deriv;1;N1_SD_TGT_WEB;
NTTDATA;INC000007811452;Asigna;Nivel 1 deriv;1;N1_SD_MOVIL_DIGITAL;
NTTDATA;INC000007811327;Asigna;Nivel 1 deriv;1;N1_SD_MOVIL_DIGITAL;
NTTDATA;INC000007811316;Asigna;Nivel 1 deriv;1;N1_SD_MOVIL_DIGITAL;
NTTDATA;INC000007811314;Asigna;Nivel 1 deriv;1;N1_SD_TGT_WEB;
NTTDATA;INC000007811309;Asigna;Nivel 1 deriv;1;N1_SD_MOVIL_DIGITAL;
NTTDATA;INC000007811265;Asigna;Nivel 1 deriv;1;N1_SD_MOVIL_DIGITAL;
NTTDATA;INC000007811246;Asigna;Nivel 1 deriv;1;N1_SD_MOVIL_DIGITAL;
NTTDATA;INC000007811228;Asigna;Nivel 1 deriv;1;N1_SD_MOVIL_DIGITAL;
NTTDATA;INC000007811222;Asigna;Nivel 1 deriv;1;N1_SD_MOVIL_DIGITAL;
NTTDATA;INC000007811208;Asigna;Nivel 1 deriv;1;N1_SD_MOVIL_DIGITAL;
NTTDATA;INC000007811194;Asigna;Nivel 1 deriv;1;N1_SD_MOVIL_DIGITAL;
NTTDATA;INC000007811185;Asigna;Nivel 1 deriv;1;N1_SD_MOVIL_DIGITAL;
NTTDATA;INC000007811153;Asigna;Nivel 1 deriv;1;N1_SD_TGT_WEB;
NTTDATA;INC000007811136;Asigna;Nivel 1 deriv;1;N1_MASIVOS_DIGITAL;
NTTDATA;INC000007811027;Asigna;Nivel 1 deriv;1;N1_SD_MOVIL_DIGITAL;
NTTDATA;INC000007811018;Asigna;Nivel 1 deriv;1;N1_SD_MOVIL_DIGITAL;
NTTDATA;INC000007811016;Asigna;Nivel 1 deriv;1;N1_SD_TGT_WEB;
NTTDATA;INC000007811015;Asigna;Nivel 1 deriv;1;N1_SD_MOVIL_DIGITAL;
NTTDATA;INC000007810998;Asigna;Nivel 1 deriv;1;N1_SD_MOVIL_DIGITAL;
NTTDATA;INC000007810983;Asigna;Nivel 1 deriv;1;N1_SD_MOVIL_DIGITAL;
NTTDATA;INC000007810971;Asigna;Nivel 1 deriv;1;N1_SD_MOVIL_DIGITAL;
NTTDATA;INC000007810837;Asigna;Nivel 1 deriv;1;N1_SD_TGT_WEB;
NTTDATA;INC000007810801;Asigna;Nivel 1 deriv;1;N1_SD_MOVIL_POWER;
NTTDATA;INC000007810798;Asigna;Nivel 1 deriv;1;N1_SD_TGT_WEB;
NTTDATA;INC000007810795;Asigna;Nivel 1 deriv;1;N1_SD_MOVIL_DIGITAL;
NTTDATA;INC000007810791;Asigna;Nivel 1 deriv;1;N1_SD_MOVIL_DIGITAL;
NTTDATA;INC000007810787;Asigna;Nivel 1 deriv;1;N1_SD_MOVIL_DIGITAL;
NTTDATA;INC000007810772;Asigna;Nivel 1 deriv;1;N1_SD_MOVIL_DIGITAL;
NTTDATA;INC000007810756;Asigna;Nivel 1 deriv;1;N1_SD_MOVIL_DIGITAL;
NTTDATA;INC000007810642;Asigna;Nivel 1 deriv;1;N1_SD_MOVIL_DIGITAL;
NTTDATA;INC000007810641;Asigna;Nivel 1 deriv;1;N1_SD_MOVIL_DIGITAL;
NTTDATA;INC000007810640;Asigna;Nivel 1 deriv;1;N1_SD_MOVIL_POWER;
NTTDATA;INC000007810630;Asigna;Nivel 1 deriv;1;N1_SD_MOVIL_DIGITAL;
NTTDATA;INC000007810627;Asigna;Nivel 1 deriv;1;N1_SD_MOVIL_POWER;
NTTDATA;INC000007810611;Asigna;Nivel 1 deriv;1;N1_SD_MOVIL_DIGITAL;
NTTDATA;INC000007810610;Asigna;Nivel 1 deriv;1;N1_SD_MOVIL_DIGITAL;
NTTDATA;INC000007810606;Asigna;Nivel 1 deriv;1;N1_SD_MOVIL_DIGITAL;
NTTDATA;INC000007810512;Asigna;Nivel 1 deriv;1;N1_SD_MOVIL_DIGITAL;
NTTDATA;INC000007810493;Asigna;Nivel 1 deriv;1;N1_SD_MOVIL_DIGITAL;
NTTDATA;INC000007810480;Asigna;Nivel 1 deriv;1;N1_SD_TGT_WEB;
NTTDATA;INC000007810382;Asigna;Nivel 1 deriv;1;N1_SD_MOVIL_DIGITAL;
NTTDATA;INC000007810321;Asigna;Nivel 1 deriv;1;N1_SD_TGT_WEB;
NTTDATA;INC000007810159;Asigna;Nivel 1 deriv;1;N1_SD_TGT_WEB;
NTTDATA;INC000007810075;Asigna;Nivel 1 deriv;1;N1_SD_MOVIL_DIGITAL;
NTTDATA;INC000007810045;Asigna;Nivel 1 deriv;1;N1_SD_TGT_WEB;
NTTDATA;INC000007810003;Asigna;Nivel 1 deriv;1;N1_SD_TGT_WEB;
NTTDATA;INC000007809997;Asigna;Nivel 1 deriv;1;N1_SD_MOVIL_DIGITAL;
NTTDATA;INC000007809978;Asigna;Nivel 1 deriv;1;N1_SD_TGT_WEB;
NTTDATA;INC000007809969;Asigna;Nivel 1 deriv;1;N1_SD_MOVIL_DIGITAL;
NTTDATA;INC000007809797;Asigna;Nivel 1 deriv;1;N1_SD_MOVIL_DIGITAL;
NTTDATA;INC000007809795;Asigna;Nivel 1 deriv;1;N1_SD_MOVIL_POWER;
NTTDATA;INC000007809792;Asigna;Nivel 1 deriv;1;N1_SD_MOVIL_DIGITAL;
NTTDATA;INC000007809769;Asigna;Nivel 1 deriv;1;N1_SD_MOVIL_DIGITAL;
NTTDATA;INC000007809768;Asigna;Nivel 1 deriv;1;N1_SD_TGT_WEB;
NTTDATA;INC000007809729;Asigna;Nivel 1 deriv;1;N1_SD_MOVIL_DIGITAL;
NTTDATA;INC000007809722;Asigna;Nivel 1 deriv;1;N1_SD_MOVIL_DIGITAL;
NTTDATA;INC000007809721;Asigna;Nivel 1 deriv;1;N1_SD_MOVIL_DIGITAL;
NTTDATA;INC000007809665;Asigna;Nivel 1 deriv;1;N1_SD_MOVIL_DIGITAL;
NTTDATA;INC000007809661;Asigna;Nivel 1 deriv;1;N1_SD_MOVIL_DIGITAL;
NTTDATA;INC000007809655;Asigna;Nivel 1 deriv;1;N1_SD_MOVIL_DIGITAL;
NTTDATA;INC000007809540;Asigna;Nivel 1 deriv;1;N1_SD_MOVIL_DIGITAL;
NTTDATA;INC000007809535;Asigna;Nivel 1 deriv;1;N1_SD_MOVIL_DIGITAL;
NTTDATA;INC000007809518;Asigna;Nivel 1 deriv;1;N1_SD_MOVIL_DIGITAL;
NTTDATA;INC000007809487;Asigna;Nivel 1 deriv;1;N1_SD_MOVIL_DIGITAL;
NTTDATA;INC000007809466;Asigna;Nivel 1 deriv;1;N1_SD_MOVIL_DIGITAL;
NTTDATA;INC000007809437;Asigna;Nivel 1 deriv;1;N1_SD_TGT_WEB;
NTTDATA;INC000007809369;Asigna;Nivel 1 deriv;1;N1_SD_MOVIL_DIGITAL;
NTTDATA;INC000007809359;Asigna;Nivel 1 deriv;1;N1_SD_MOVIL_DIGITAL;
NTTDATA;INC000007809352;Asigna;Nivel 1 deriv;1;N1_SD_TGT_WEB;
NTTDATA;INC000007809232;Asigna;Nivel 1 deriv;1;N1_SD_MOVIL_DIGITAL;
NTTDATA;INC000007809217;Asigna;Nivel 1 deriv;1;N1_SD_MOVIL_DIGITAL;
NTTDATA;INC000007809182;Asigna;Nivel 1 deriv;1;N1_SD_MOVIL_DIGITAL;
NTTDATA;INC000007809179;Asigna;Nivel 1 deriv;1;N1_SD_MOVIL_DIGITAL;
NTTDATA;INC000007809178;Asigna;Nivel 1 deriv;1;N1_SD_TGT_WEB;
NTTDATA;INC000007809175;Asigna;Nivel 1 deriv;1;N1_SD_MOVIL_DIGITAL;
NTTDATA;INC000007809155;Asigna;Nivel 1 deriv;1;N1_SD_MOVIL_DIGITAL;
NTTDATA;INC000007809150;Asigna;Nivel 1 deriv;1;N1_SD_MOVIL_DIGITAL;
NTTDATA;INC000007808938;Asigna;Nivel 1 deriv;1;N1_SD_MOVIL_POWER;
NTTDATA;INC000007808934;Asigna;Nivel 1 deriv;1;N1_SD_MOVIL_DIGITAL;
NTTDATA;INC000007808931;Asigna;Nivel 1 deriv;1;N1_SD_TGT_WEB;
NTTDATA;INC000007808922;Asigna;Nivel 1 deriv;1;N1_SD_TGT_WEB;
NTTDATA;INC000007808920;Asigna;Nivel 1 deriv;1;N1_SD_MOVIL_DIGITAL;
NTTDATA;INC000007808880;Asigna;Nivel 1 deriv;1;N1_SD_TGT_WEB;
NTTDATA;INC000007808874;Asigna;Nivel 1 deriv;1;N1_SD_MOVIL_DIGITAL;
NTTDATA;INC000007808848;Asigna;Nivel 1 deriv;1;N1_SD_MOVIL_DIGITAL;
NTTDATA;INC000007808846;Asigna;Nivel 1 deriv;1;N1_SD_MOVIL_DIGITAL;
NTTDATA;INC000007808844;Asigna;Nivel 1 deriv;1;N1_SD_MOVIL_DIGITAL;
NTTDATA;INC000007808726;Asigna;Nivel 1 deriv;1;N1_SD_MOVIL_DIGITAL;
NTTDATA;INC000007808713;Asigna;Nivel 1 deriv;1;N1_SD_MOVIL_DIGITAL;
NTTDATA;INC000007808712;Asigna;Nivel 1 deriv;1;N1_SD_MOVIL_DIGITAL;
NTTDATA;INC000007808711;Asigna;Nivel 1 deriv;1;N1_SD_MOVIL_DIGITAL;
NTTDATA;INC000007808672;Asigna;Nivel 1 deriv;1;N1_SD_MOVIL_POWER;
NTTDATA;INC000007808668;Asigna;Nivel 1 deriv;1;N1_SD_TGT_WEB;
NTTDATA;INC000007808657;Asigna;Nivel 1 deriv;1;N1_SD_MOVIL_DIGITAL;
NTTDATA;INC000007808455;Asigna;Nivel 1 deriv;1;N1_SD_MOVIL_DIGITAL;
NTTDATA;INC000007808447;Asigna;Nivel 1 deriv;1;N1_SD_MOVIL_DIGITAL;
NTTDATA;INC000007808315;Asigna;Nivel 1 deriv;1;N1_SD_MOVIL_DIGITAL;
NTTDATA;INC000007808311;Asigna;Nivel 1 deriv;1;N1_SD_MOVIL_DIGITAL;
NTTDATA;INC000007808307;Asigna;Nivel 1 deriv;1;N1_SD_TGT_WEB;
NTTDATA;INC000007808306;Asigna;Nivel 1 deriv;1;N1_SD_MOVIL_DIGITAL;
NTTDATA;INC000007808305;Asigna;Nivel 1 deriv;1;N1_SD_MOVIL_DIGITAL;
NTTDATA;INC000007808303;Asigna;Nivel 1 deriv;1;N1_SD_MOVIL_DIGITAL;
NTTDATA;INC000007808297;Asigna;Nivel 1 deriv;1;N1_SD_TGT_WEB;
NTTDATA;INC000007808276;Asigna;Nivel 1 deriv;1;N1_MASIVOS_DIGITAL;
NTTDATA;INC000007808275;Asigna;Nivel 1 deriv;1;N1_MASIVOS_DIGITAL;
NTTDATA;INC000007808265;Asigna;Nivel 1 deriv;1;N1_SD_MOVIL_DIGITAL;
NTTDATA;INC000007808190;Asigna;Nivel 1 deriv;1;N1_MASIVOS_DIGITAL;
NTTDATA;INC000007808139;Asigna;Nivel 1 deriv;1;N1_SD_MOVIL_DIGITAL;
NTTDATA;INC000007808128;Asigna;Nivel 1 deriv;1;N1_SD_TGT_WEB;
NTTDATA;INC000007808114;Asigna;Nivel 1 deriv;1;N1_SD_TGT_WEB;
NTTDATA;INC000007808113;Asigna;Nivel 1 deriv;1;N1_SD_MOVIL_DIGITAL;
NTTDATA;INC000007808095;Asigna;Nivel 1 deriv;1;N1_SD_MOVIL_DIGITAL;
NTTDATA;INC000007808077;Asigna;Nivel 1 deriv;1;N1_SD_MOVIL_DIGITAL;
NTTDATA;INC000007808073;Asigna;Nivel 1 deriv;1;N1_SD_MOVIL_DIGITAL;
NTTDATA;INC000007808064;Asigna;Nivel 1 deriv;1;N1_SD_MOVIL_POWER;
NTTDATA;INC000007808058;Asigna;Nivel 1 deriv;1;N1_SD_MOVIL_DIGITAL;
NTTDATA;INC000007808047;Asigna;Nivel 1 deriv;1;N1_SD_MOVIL_DIGITAL;
NTTDATA;INC000007807927;Asigna;Nivel 1 deriv;1;N1_SD_MOVIL_DIGITAL;
NTTDATA;INC000007807924;Asigna;Nivel 1 deriv;1;N1_SD_MOVIL_DIGITAL;
NTTDATA;INC000007807914;Asigna;Nivel 1 deriv;1;N1_SD_MOVIL_POWER;
NTTDATA;INC000007807904;Asigna;Nivel 1 deriv;1;N1_SD_MOVIL_DIGITAL;
NTTDATA;INC000007807898;Asigna;Nivel 1 deriv;1;N1_SD_MOVIL_DIGITAL;
NTTDATA;INC000007807871;Asigna;Nivel 1 deriv;1;N1_SD_MOVIL_DIGITAL;
NTTDATA;INC000007807865;Asigna;Nivel 1 deriv;1;N1_SD_MOVIL_DIGITAL;
NTTDATA;INC000007807864;Asigna;Nivel 1 deriv;1;N1_SD_MOVIL_DIGITAL;
NTTDATA;INC000007807853;Asigna;Nivel 1 deriv;1;N1_SD_MOVIL_DIGITAL;
NTTDATA;INC000007807839;Asigna;Nivel 1 deriv;1;N1_SD_MOVIL_DIGITAL;
NTTDATA;INC000007807814;Asigna;Nivel 1 deriv;1;N1_SD_MOVIL_DIGITAL;
NTTDATA;INC000007807800;Asigna;Nivel 1 deriv;1;N1_SD_MOVIL_DIGITAL;
NTTDATA;INC000007807784;Asigna;Nivel 1 deriv;1;N1_SD_MOVIL_DIGITAL;
NTTDATA;INC000007807777;Asigna;Nivel 1 deriv;1;N1_SD_MOVIL_DIGITAL;
NTTDATA;INC000007807772;Asigna;Nivel 1 deriv;1;N1_SD_TGT_WEB;
NTTDATA;INC000007807758;Asigna;Nivel 1 deriv;1;N1_SD_MOVIL_DIGITAL;
NTTDATA;INC000007807756;Asigna;Nivel 1 deriv;1;N1_SD_MOVIL_DIGITAL;
NTTDATA;INC000007807625;Asigna;Nivel 1 deriv;1;N1_SD_MOVIL_DIGITAL;
NTTDATA;INC000007807620;Asigna;Nivel 1 deriv;1;N1_SD_MOVIL_DIGITAL;
NTTDATA;INC000007807586;Asigna;Nivel 1 deriv;1;N1_SD_TGT_WEB;
NTTDATA;INC000007807559;Asigna;Nivel 1 deriv;1;N1_SD_TGT_WEB;
NTTDATA;INC000007807555;Asigna;Nivel 1 deriv;1;N1_SD_MOVIL_DIGITAL;
NTTDATA;INC000007807422;Asigna;Nivel 1 deriv;1;N1_SD_TGT_WEB;
NTTDATA;INC000007807419;Asigna;Nivel 1 deriv;1;N1_SD_MOVIL_DIGITAL;
NTTDATA;INC000007807393;Asigna;Nivel 1 deriv;1;N1_SD_MOVIL_DIGITAL;
NTTDATA;INC000007807388;Asigna;Nivel 1 deriv;1;N1_MASIVOS_DIGITAL;
NTTDATA;INC000007807382;Asigna;Nivel 1 deriv;1;N1_SD_MOVIL_DIGITAL;
NTTDATA;INC000007807375;Asigna;Nivel 1 deriv;1;N1_SD_MOVIL_DIGITAL;
NTTDATA;INC000007807374;Asigna;Nivel 1 deriv;1;N1_SD_MOVIL_DIGITAL;
NTTDATA;INC000007807352;Asigna;Nivel 1 deriv;1;N1_SD_TGT_WEB;
NTTDATA;INC000007807055;Asigna;Nivel 1 deriv;1;N1_SD_MOVIL_DIGITAL;
NTTDATA;INC000007807046;Asigna;Nivel 1 deriv;1;N1_SD_MOVIL_DIGITAL;
NTTDATA;INC000007806869;Asigna;Nivel 1 deriv;1;N1_SD_MOVIL_DIGITAL;
NTTDATA;INC000007806857;Asigna;Nivel 1 deriv;1;N1_SD_MOVIL_DIGITAL;
NTTDATA;INC000007806845;Asigna;Nivel 1 deriv;1;N1_SD_MOVIL_DIGITAL;
NTTDATA;INC000007806691;Asigna;Nivel 1 deriv;1;N1_SD_MOVIL_DIGITAL;
NTTDATA;INC000007806687;Asigna;Nivel 1 deriv;1;N1_SD_TGT_WEB;
NTTDATA;INC000007806666;Asigna;Nivel 1 deriv;1;N1_SD_TGT_WEB;
NTTDATA;INC000007806646;Asigna;Nivel 1 deriv;1;N1_SD_MOVIL_DIGITAL;
NTTDATA;INC000007806533;Asigna;Nivel 1 deriv;1;N1_SD_MOVIL_DIGITAL;
NTTDATA;INC000007806532;Asigna;Nivel 1 deriv;1;N1_SD_MOVIL_DIGITAL;
NTTDATA;INC000007806529;Asigna;Nivel 1 deriv;1;N1_SD_TGT_WEB;
NTTDATA;INC000007806526;Asigna;Nivel 1 deriv;1;N1_SD_MOVIL_DIGITAL;
NTTDATA;INC000007806519;Asigna;Nivel 1 deriv;1;N1_SD_MOVIL_DIGITAL;
NTTDATA;INC000007806515;Asigna;Nivel 1 deriv;1;N1_SD_MOVIL_DIGITAL;
NTTDATA;INC000007806503;Asigna;Nivel 1 deriv;1;N1_SD_MOVIL_DIGITAL;
NTTDATA;INC000007806488;Asigna;Nivel 1 deriv;1;N1_SD_MOVIL_DIGITAL;
NTTDATA;INC000007806482;Asigna;Nivel 1 deriv;1;N1_SD_MOVIL_DIGITAL;
NTTDATA;INC000007806477;Asigna;Nivel 1 deriv;1;N1_SD_MOVIL_DIGITAL;
NTTDATA;INC000007806476;Asigna;Nivel 1 deriv;1;N1_SD_MOVIL_DIGITAL;
NTTDATA;INC000007806466;Asigna;Nivel 1 deriv;1;N1_SD_MOVIL_DIGITAL;
NTTDATA;INC000007806458;Asigna;Nivel 1 deriv;1;N1_SD_MOVIL_DIGITAL;
NTTDATA;INC000007806436;Asigna;Nivel 1 deriv;1;N1_SD_MOVIL_DIGITAL;
NTTDATA;INC000007806420;Asigna;Nivel 1 deriv;1;N1_SD_TGT_WEB;
NTTDATA;INC000007806409;Asigna;Nivel 1 deriv;1;N1_SD_MOVIL_DIGITAL;
NTTDATA;INC000007806406;Asigna;Nivel 1 deriv;1;N1_SD_MOVIL_DIGITAL;
NTTDATA;INC000007806377;Asigna;Nivel 1 deriv;1;N1_SD_MOVIL_POWER;
NTTDATA;INC000007806366;Asigna;Nivel 1 deriv;1;N1_SD_MOVIL_DIGITAL;
NTTDATA;INC000007806354;Asigna;Nivel 1 deriv;1;N1_SD_MOVIL_DIGITAL;
NTTDATA;INC000007806347;Asigna;Nivel 1 deriv;1;N1_SD_MOVIL_DIGITAL;
NTTDATA;INC000007806241;Asigna;Nivel 1 deriv;1;N1_SD_MOVIL_DIGITAL;
NTTDATA;INC000007806226;Asigna;Nivel 1 deriv;1;N1_SD_MOVIL_DIGITAL;
NTTDATA;INC000007806208;Asigna;Nivel 1 deriv;1;N1_SD_MOVIL_DIGITAL;
NTTDATA;INC000007806207;Asigna;Nivel 1 deriv;1;N1_SD_MOVIL_DIGITAL;
NTTDATA;INC000007806188;Asigna;Nivel 1 deriv;1;N1_SD_MOVIL_DIGITAL;
NTTDATA;INC000007806135;Asigna;Nivel 1 deriv;1;N1_SD_MOVIL_DIGITAL;
NTTDATA;INC000007806096;Asigna;Nivel 1 deriv;1;N1_SD_MOVIL_DIGITAL;
NTTDATA;INC000007806068;Asigna;Nivel 1 deriv;1;N1_SD_MOVIL_DIGITAL;
NTTDATA;INC000007806057;Asigna;Nivel 1 deriv;1;N1_SD_MOVIL_DIGITAL;
NTTDATA;INC000007805871;Asigna;Nivel 1 deriv;1;N1_SD_MOVIL_DIGITAL;
NTTDATA;INC000007805864;Asigna;Nivel 1 deriv;1;N1_SD_MOVIL_DIGITAL;
NTTDATA;INC000007805733;Asigna;Nivel 1 deriv;1;N1_SD_TGT_WEB;
NTTDATA;INC000007805725;Asigna;Nivel 1 deriv;1;N1_SD_MOVIL_DIGITAL;
NTTDATA;INC000007805714;Asigna;Nivel 1 deriv;1;N1_SD_MOVIL_DIGITAL;
NTTDATA;INC000007805693;Asigna;Nivel 1 deriv;1;N1_SD_MOVIL_DIGITAL;
NTTDATA;INC000007805689;Asigna;Nivel 1 deriv;1;N1_SD_MOVIL_DIGITAL;
NTTDATA;INC000007805678;Asigna;Nivel 1 deriv;1;N1_SD_MOVIL_DIGITAL;
NTTDATA;INC000007805668;Asigna;Nivel 1 deriv;1;N1_SD_MOVIL_DIGITAL;
NTTDATA;INC000007805646;Asigna;Nivel 1 deriv;1;N1_SD_MOVIL_DIGITAL;
NTTDATA;INC000007805644;Asigna;Nivel 1 deriv;1;N1_SD_MOVIL_DIGITAL;
NTTDATA;INC000007805426;Asigna;Nivel 1 deriv;1;N1_SD_MOVIL_DIGITAL;
NTTDATA;INC000007805413;Asigna;Nivel 1 deriv;1;N1_SD_MOVIL_DIGITAL;
NTTDATA;INC000007805379;Asigna;Nivel 1 deriv;1;N1_SD_MOVIL_DIGITAL;
NTTDATA;INC000007805200;Asigna;Nivel 1 deriv;1;N1_SD_MOVIL_DIGITAL;
NTTDATA;INC000007805102;Asigna;Nivel 1 deriv;1;N1_SD_MOVIL_DIGITAL;
NTTDATA;INC000007805085;Asigna;Nivel 1 deriv;1;N1_SD_MOVIL_DIGITAL;
NTTDATA;INC000007805050;Asigna;Nivel 1 deriv;1;N1_SD_MOVIL_DIGITAL;
NTTDATA;INC000007805046;Asigna;Nivel 1 deriv;1;N1_SD_MOVIL_DIGITAL;
NTTDATA;INC000007805026;Asigna;Nivel 1 deriv;1;N1_SD_MOVIL_DIGITAL;
NTTDATA;INC000007805025;Asigna;Nivel 1 deriv;1;N1_SD_MOVIL_DIGITAL;
NTTDATA;INC000007804972;Asigna;Nivel 1 deriv;1;N1_SD_TGT_WEB;
NTTDATA;INC000007804942;Asigna;Nivel 1 deriv;1;N1_SD_MOVIL_DIGITAL;
NTTDATA;INC000007804934;Asigna;Nivel 1 deriv;1;N1_SD_MOVIL_DIGITAL;
NTTDATA;INC000007804916;Asigna;Nivel 1 deriv;1;N1_SD_MOVIL_DIGITAL;
NTTDATA;INC000007804913;Asigna;Nivel 1 deriv;1;N1_SD_MOVIL_DIGITAL;
NTTDATA;INC000007804907;Asigna;Nivel 1 deriv;1;N1_SD_MOVIL_DIGITAL;
NTTDATA;INC000007804886;Asigna;Nivel 1 deriv;1;N1_SD_MOVIL_DIGITAL;
NTTDATA;INC000007804857;Asigna;Nivel 1 deriv;1;N1_SD_MOVIL_DIGITAL;
NTTDATA;INC000007804737;Asigna;Nivel 1 deriv;1;N1_SD_TGT_WEB;
NTTDATA;INC000007804735;Asigna;Nivel 1 deriv;1;N1_SD_TGT_WEB;
NTTDATA;INC000007804727;Asigna;Nivel 1 deriv;1;N1_SD_MOVIL_DIGITAL;
NTTDATA;INC000007804717;Asigna;Nivel 1 deriv;1;N1_SD_MOVIL_DIGITAL;
NTTDATA;INC000007804716;Asigna;Nivel 1 deriv;1;N1_SD_TGT_WEB;
NTTDATA;INC000007804713;Asigna;Nivel 1 deriv;1;N1_SD_TGT_WEB;
NTTDATA;INC000007804666;Asigna;Nivel 1 deriv;1;N1_SD_TGT_WEB;
NTTDATA;INC000007804651;Asigna;Nivel 1 deriv;1;N1_SD_MOVIL_DIGITAL;
NTTDATA;INC000007804647;Asigna;Nivel 1 deriv;1;N1_SD_MOVIL_DIGITAL;
NTTDATA;INC000007804623;Asigna;Nivel 1 deriv;1;N1_SD_MOVIL_DIGITAL;
NTTDATA;INC000007804611;Asigna;Nivel 1 deriv;1;N1_SD_MOVIL_DIGITAL;
NTTDATA;INC000007804596;Asigna;Nivel 1 deriv;1;N1_SD_MOVIL_DIGITAL;
NTTDATA;INC000007804589;Asigna;Nivel 1 deriv;1;N1_SD_MOVIL_POWER;
NTTDATA;INC000007804585;Asigna;Nivel 1 deriv;1;N1_SD_MOVIL_DIGITAL;
NTTDATA;INC000007804544;Asigna;Nivel 1 deriv;1;N1_SD_MOVIL_DIGITAL;
NTTDATA;INC000007804543;Asigna;Nivel 1 deriv;1;N1_SD_TGT_WEB;
NTTDATA;INC000007804536;Asigna;Nivel 1 deriv;1;N1_SD_MOVIL_POWER;
NTTDATA;INC000007804523;Asigna;Nivel 1 deriv;1;N1_SD_TGT_WEB;
NTTDATA;INC000007804518;Asigna;Nivel 1 deriv;1;N1_SD_MOVIL_DIGITAL;
NTTDATA;INC000007804513;Asigna;Nivel 1 deriv;1;N1_SD_MOVIL_POWER;
NTTDATA;INC000007804428;Asigna;Nivel 1 deriv;1;N1_SD_TGT_WEB;
NTTDATA;INC000007804396;Asigna;Nivel 1 deriv;1;N1_SD_MOVIL_DIGITAL;
NTTDATA;INC000007804385;Asigna;Nivel 1 deriv;1;N1_SD_TGT_WEB;
NTTDATA;INC000007804370;Asigna;Nivel 1 deriv;1;N1_SD_MOVIL_DIGITAL;
NTTDATA;INC000007804357;Asigna;Nivel 1 deriv;1;N1_SD_MOVIL_DIGITAL;
NTTDATA;INC000007804349;Asigna;Nivel 1 deriv;1;N1_SD_TGT_WEB;
NTTDATA;INC000007804302;Asigna;Nivel 1 deriv;1;N1_SD_MOVIL_DIGITAL;
NTTDATA;INC000007804300;Asigna;Nivel 1 deriv;1;N1_SD_MOVIL_DIGITAL;
NTTDATA;INC000007804283;Asigna;Nivel 1 deriv;1;N1_SD_TGT_WEB;
NTTDATA;INC000007804275;Asigna;Nivel 1 deriv;1;N1_SD_MOVIL_DIGITAL;
NTTDATA;INC000007804250;Asigna;Nivel 1 deriv;1;N1_SD_MOVIL_DIGITAL;
NTTDATA;INC000007804109;Asigna;Nivel 1 deriv;1;N1_SD_MOVIL_DIGITAL;
NTTDATA;INC000007804104;Asigna;Nivel 1 deriv;1;N1_SD_TGT_WEB;
NTTDATA;INC000007804077;Asigna;Nivel 1 deriv;1;N1_SD_MOVIL_DIGITAL;
NTTDATA;INC000007804045;Asigna;Nivel 1 deriv;1;N1_SD_MOVIL_DIGITAL;
NTTDATA;INC000007804044;Asigna;Nivel 1 deriv;1;N1_SD_MOVIL_DIGITAL;
NTTDATA;INC000007803919;Asigna;Nivel 1 deriv;1;N1_SD_TGT_WEB;
NTTDATA;INC000007803912;Asigna;Nivel 1 deriv;1;N1_SD_MOVIL_DIGITAL;
NTTDATA;INC000007803897;Asigna;Nivel 1 deriv;1;N1_SD_TGT_WEB;
NTTDATA;INC000007803738;Asigna;Nivel 1 deriv;1;N1_SD_TGT_WEB;
NTTDATA;INC000007803736;Asigna;Nivel 1 deriv;1;N1_SD_MOVIL_DIGITAL;
NTTDATA;INC000007803727;Asigna;Nivel 1 deriv;1;N1_SD_TGT_WEB;
NTTDATA;INC000007803705;Asigna;Nivel 1 deriv;1;N1_SD_MOVIL_POWER;
NTTDATA;INC000007803671;Asigna;Nivel 1 deriv;1;N1_SD_TGT_WEB;
NTTDATA;INC000007803658;Asigna;Nivel 1 deriv;1;N1_SD_TGT_WEB;
NTTDATA;INC000007803653;Asigna;Nivel 1 deriv;1;N1_SD_MOVIL_DIGITAL;
NTTDATA;INC000007803644;Asigna;Nivel 1 deriv;1;N1_SD_MOVIL_DIGITAL;
NTTDATA;INC000007803643;Asigna;Nivel 1 deriv;1;N1_SD_MOVIL_DIGITAL;
NTTDATA;INC000007803570;Asigna;Nivel 1 deriv;1;N1_SD_MOVIL_DIGITAL;
NTTDATA;INC000007803412;Asigna;Nivel 1 deriv;1;N1_SD_MOVIL_DIGITAL;
NTTDATA;INC000007803408;Asigna;Nivel 1 deriv;1;N1_SD_MOVIL_DIGITAL;
NTTDATA;INC000007803407;Asigna;Nivel 1 deriv;1;N1_SD_MOVIL_DIGITAL;
NTTDATA;INC000007803328;Asigna;Nivel 1 deriv;1;N1_SD_MOVIL_DIGITAL;
NTTDATA;INC000007803325;Asigna;Nivel 1 deriv;1;N1_SD_MOVIL_DIGITAL;
NTTDATA;INC000007803324;Asigna;Nivel 1 deriv;1;N1_SD_MOVIL_DIGITAL;
NTTDATA;INC000007803320;Asigna;Nivel 1 deriv;1;N1_SD_MOVIL_DIGITAL;
NTTDATA;INC000007803313;Asigna;Nivel 1 deriv;1;N1_SD_MOVIL_DIGITAL;
NTTDATA;INC000007803312;Asigna;Nivel 1 deriv;1;N1_SD_MOVIL_DIGITAL;
NTTDATA;INC000007803297;Asigna;Nivel 1 deriv;1;N1_SD_TGT_WEB;
NTTDATA;INC000007803125;Asigna;Nivel 1 deriv;1;N1_SD_MOVIL_DIGITAL;
NTTDATA;INC000007803097;Asigna;Nivel 1 deriv;1;N1_SD_MOVIL_DIGITAL;
NTTDATA;INC000007803086;Asigna;Nivel 1 deriv;1;N1_SD_MOVIL_DIGITAL;
NTTDATA;INC000007803082;Asigna;Nivel 1 deriv;1;N1_SD_TGT_WEB;
NTTDATA;INC000007803067;Asigna;Nivel 1 deriv;1;N1_SD_TGT_WEB;
NTTDATA;INC000007803064;Asigna;Nivel 1 deriv;1;N1_SD_MOVIL_DIGITAL;
NTTDATA;INC000007803046;Asigna;Nivel 1 deriv;1;N1_SD_MOVIL_DIGITAL;
NTTDATA;INC000007802978;Asigna;Nivel 1 deriv;1;N1_SD_MOVIL_DIGITAL;
NTTDATA;INC000007802973;Asigna;Nivel 1 deriv;1;N1_SD_MOVIL_DIGITAL;
NTTDATA;INC000007802971;Asigna;Nivel 1 deriv;1;N1_SD_MOVIL_DIGITAL;
NTTDATA;INC000007802954;Asigna;Nivel 1 deriv;1;N1_SD_TGT_WEB;
NTTDATA;INC000007802943;Asigna;Nivel 1 deriv;1;N1_SD_MOVIL_DIGITAL;
NTTDATA;INC000007802818;Asigna;Nivel 1 deriv;1;N1_SD_MOVIL_DIGITAL;
NTTDATA;INC000007802804;Asigna;Nivel 1 deriv;1;N1_SD_MOVIL_DIGITAL;
NTTDATA;INC000007802800;Asigna;Nivel 1 deriv;1;N1_SD_MOVIL_DIGITAL;
NTTDATA;INC000007802778;Asigna;Nivel 1 deriv;1;N1_SD_MOVIL_DIGITAL;
NTTDATA;INC000007802737;Asigna;Nivel 1 deriv;1;N1_SD_TGT_WEB;
NTTDATA;INC000007802716;Asigna;Nivel 1 deriv;1;N1_SD_MOVIL_DIGITAL;
NTTDATA;INC000007802715;Asigna;Nivel 1 deriv;1;N1_SD_MOVIL_POWER;
NTTDATA;INC000007802707;Asigna;Nivel 1 deriv;1;N1_SD_MOVIL_POWER;
NTTDATA;INC000007802680;Asigna;Nivel 1 deriv;1;N1_SD_MOVIL_DIGITAL;
NTTDATA;INC000007802656;Asigna;Nivel 1 deriv;1;N1_SD_TGT_WEB;
NTTDATA;INC000007802650;Asigna;Nivel 1 deriv;1;N1_SD_MOVIL_DIGITAL;
NTTDATA;INC000007802647;Asigna;Nivel 1 deriv;1;N1_SD_MOVIL_DIGITAL;
NTTDATA;INC000007802542;Asigna;Nivel 1 deriv;1;N1_SD_MOVIL_POWER;
NTTDATA;INC000007802494;Asigna;Nivel 1 deriv;1;N1_SD_MOVIL_POWER;
NTTDATA;INC000007802484;Asigna;Nivel 1 deriv;1;N1_SD_MOVIL_POWER;
NTTDATA;INC000007802472;Asigna;Nivel 1 deriv;1;N1_SD_MOVIL_DIGITAL;
NTTDATA;INC000007802462;Asigna;Nivel 1 deriv;1;N1_SD_MOVIL_DIGITAL;
NTTDATA;INC000007802454;Asigna;Nivel 1 deriv;1;N1_SD_MOVIL_DIGITAL;
NTTDATA;INC000007802429;Asigna;Nivel 1 deriv;1;N1_SD_MOVIL_DIGITAL;
NTTDATA;INC000007802411;Asigna;Nivel 1 deriv;1;N1_SD_MOVIL_POWER;
NTTDATA;INC000007802402;Asigna;Nivel 1 deriv;1;N1_SD_MOVIL_DIGITAL;
NTTDATA;INC000007802399;Asigna;Nivel 1 deriv;1;N1_SD_TGT_WEB;
NTTDATA;INC000007802211;Asigna;Nivel 1 deriv;1;N1_SD_MOVIL_DIGITAL;
NTTDATA;INC000007802172;Asigna;Nivel 1 deriv;1;N1_SD_MOVIL_DIGITAL;
NTTDATA;INC000007802161;Asigna;Nivel 1 deriv;1;N1_SD_MOVIL_DIGITAL;
NTTDATA;INC000007802126;Asigna;Nivel 1 deriv;1;N1_SD_MOVIL_DIGITAL;
NTTDATA;INC000007802085;Asigna;Nivel 1 deriv;1;N1_SD_MOVIL_POWER;
NTTDATA;INC000007802049;Asigna;Nivel 1 deriv;1;N1_SD_MOVIL_DIGITAL;
NTTDATA;INC000007802032;Asigna;Nivel 1 deriv;1;N1_SD_MOVIL_POWER;
NTTDATA;INC000007801930;Asigna;Nivel 1 deriv;1;N1_SD_MOVIL_DIGITAL;
NTTDATA;INC000007801902;Asigna;Nivel 1 deriv;1;N1_SD_MOVIL_POWER;
NTTDATA;INC000007801857;Asigna;Nivel 1 deriv;1;N1_SD_MOVIL_DIGITAL;
NTTDATA;INC000007801826;Asigna;Nivel 1 deriv;1;N1_SD_MOVIL_DIGITAL;
NTTDATA;INC000007801821;Asigna;Nivel 1 deriv;1;N1_SD_MOVIL_DIGITAL;
NTTDATA;INC000007801800;Asigna;Nivel 1 deriv;1;N1_SD_MOVIL_DIGITAL;
NTTDATA;INC000007801770;Asigna;Nivel 1 deriv;1;N1_SD_MOVIL_DIGITAL;
NTTDATA;INC000007801460;Asigna;Nivel 1 deriv;1;N1_SD_MOVIL_DIGITAL;
NTTDATA;INC000007801430;Asigna;Nivel 1 deriv;1;N1_SD_MOVIL_DIGITAL;
NTTDATA;INC000007801389;Asigna;Nivel 1 deriv;1;N1_SD_MOVIL_DIGITAL;
NTTDATA;INC000007801382;Asigna;Nivel 1 deriv;1;N1_SD_TGT_WEB;
NTTDATA;INC000007801311;Asigna;Nivel 1 deriv;1;N1_SD_MOVIL_DIGITAL;
NTTDATA;INC000007801310;Asigna;Nivel 1 deriv;1;N1_SD_MOVIL_DIGITAL;
NTTDATA;INC000007801298;Asigna;Nivel 1 deriv;1;N1_SD_TGT_WEB;
NTTDATA;INC000007801296;Asigna;Nivel 1 deriv;1;N1_SD_MOVIL_DIGITAL;
NTTDATA;INC000007801293;Asigna;Nivel 1 deriv;1;N1_SD_MOVIL_DIGITAL;
NTTDATA;INC000007801282;Asigna;Nivel 1 deriv;1;N1_SD_MOVIL_DIGITAL;
NTTDATA;INC000007801264;Asigna;Nivel 1 deriv;1;N1_SD_MOVIL_DIGITAL;
NTTDATA;INC000007801255;Asigna;Nivel 1 deriv;1;N1_SD_TGT_WEB;
NTTDATA;INC000007801247;Asigna;Nivel 1 deriv;1;N1_SD_TGT_WEB;
NTTDATA;INC000007801138;Asigna;Nivel 1 deriv;1;N1_SD_MOVIL_DIGITAL;
NTTDATA;INC000007801136;Asigna;Nivel 1 deriv;1;N1_SD_MOVIL_DIGITAL;
NTTDATA;INC000007801075;Asigna;Nivel 1 deriv;1;N1_SD_MOVIL_DIGITAL;
NTTDATA;INC000007801051;Asigna;Nivel 1 deriv;1;N1_SD_TGT_WEB;
NTTDATA;INC000007801016;Asigna;Nivel 1 deriv;1;N1_SD_MOVIL_DIGITAL;
NTTDATA;INC000007801006;Asigna;Nivel 1 deriv;1;N1_SD_MOVIL_DIGITAL;
NTTDATA;INC000007800956;Asigna;Nivel 1 deriv;1;N1_SD_TGT_WEB;
NTTDATA;INC000007800943;Asigna;Nivel 1 deriv;1;N1_SD_MOVIL_DIGITAL;
NTTDATA;INC000007800938;Asigna;Nivel 1 deriv;1;N1_SD_TGT_WEB;
NTTDATA;INC000007800935;Asigna;Nivel 1 deriv;1;N1_SD_TGT_WEB;
NTTDATA;INC000007800696;Asigna;Nivel 1 deriv;1;N1_SD_TGT_WEB;
NTTDATA;INC000007800690;Asigna;Nivel 1 deriv;1;N1_SD_MOVIL_DIGITAL;
NTTDATA;INC000007800688;Asigna;Nivel 1 deriv;1;N1_SD_MOVIL_DIGITAL;
NTTDATA;INC000007800686;Asigna;Nivel 1 deriv;1;N1_SD_MOVIL_DIGITAL;
NTTDATA;INC000007800641;Asigna;Nivel 1 deriv;1;N1_SD_MOVIL_DIGITAL;
NTTDATA;INC000007800640;Asigna;Nivel 1 deriv;1;N1_SD_MOVIL_POWER;
NTTDATA;INC000007800603;Asigna;Nivel 1 deriv;1;N1_SD_MOVIL_DIGITAL;
NTTDATA;INC000007800596;Asigna;Nivel 1 deriv;1;N1_SD_MOVIL_DIGITAL;
NTTDATA;INC000007800560;Asigna;Nivel 1 deriv;1;N1_SD_MOVIL_DIGITAL;
NTTDATA;INC000007800552;Asigna;Nivel 1 deriv;1;N1_SD_MOVIL_DIGITAL;
NTTDATA;INC000007800414;Asigna;Nivel 1 deriv;1;N1_SD_MOVIL_DIGITAL;
NTTDATA;INC000007800397;Asigna;Nivel 1 deriv;1;N1_SD_MOVIL_POWER;
NTTDATA;INC000007800394;Asigna;Nivel 1 deriv;1;N1_SD_MOVIL_DIGITAL;
NTTDATA;INC000007800392;Asigna;Nivel 1 deriv;1;N1_SD_MOVIL_DIGITAL;
NTTDATA;INC000007800379;Asigna;Nivel 1 deriv;1;N1_SD_MOVIL_DIGITAL;
NTTDATA;INC000007800371;Asigna;Nivel 1 deriv;1;N1_SD_MOVIL_DIGITAL;
NTTDATA;INC000007800369;Asigna;Nivel 1 deriv;1;N1_SD_TGT_WEB;
NTTDATA;INC000007800362;Asigna;Nivel 1 deriv;1;N1_SD_MOVIL_DIGITAL;
NTTDATA;INC000007800347;Asigna;Nivel 1 deriv;1;N1_SD_MOVIL_POWER;
NTTDATA;INC000007800345;Asigna;Nivel 1 deriv;1;N1_SD_MOVIL_DIGITAL;
NTTDATA;INC000007800317;Asigna;Nivel 1 deriv;1;N1_SD_TGT_WEB;
NTTDATA;INC000007800308;Asigna;Nivel 1 deriv;1;N1_SD_MOVIL_DIGITAL;
NTTDATA;INC000007800256;Asigna;Nivel 1 deriv;1;N1_SD_TGT_WEB;
NTTDATA;INC000007800239;Asigna;Nivel 1 deriv;1;N1_SD_TGT_WEB;
NTTDATA;INC000007799953;Asigna;Nivel 1 deriv;1;N1_SD_MOVIL_DIGITAL;
NTTDATA;INC000007799817;Asigna;Nivel 1 deriv;1;N1_SD_TGT_WEB;
NTTDATA;INC000007799810;Asigna;Nivel 1 deriv;1;N1_SD_MOVIL_DIGITAL;
NTTDATA;INC000007799801;Asigna;Nivel 1 deriv;1;N1_SD_TGT_WEB;
NTTDATA;INC000007799774;Asigna;Nivel 1 deriv;1;N1_SD_TGT_WEB;
NTTDATA;INC000007799765;Asigna;Nivel 1 deriv;1;N1_SD_MOVIL_DIGITAL;
NTTDATA;INC000007799761;Asigna;Nivel 1 deriv;1;N1_SD_MOVIL_DIGITAL;
NTTDATA;INC000007799760;Asigna;Nivel 1 deriv;1;N1_SD_MOVIL_DIGITAL;
NTTDATA;INC000007799754;Asigna;Nivel 1 deriv;1;N1_SD_MOVIL_DIGITAL;
NTTDATA;INC000007799748;Asigna;Nivel 1 deriv;1;N1_SD_MOVIL_DIGITAL;
NTTDATA;INC000007799746;Asigna;Nivel 1 deriv;1;N1_SD_MOVIL_DIGITAL;
NTTDATA;INC000007799743;Asigna;Nivel 1 deriv;1;N1_SD_MOVIL_DIGITAL;
NTTDATA;INC000007799700;Asigna;Nivel 1 deriv;1;N1_SD_TGT_WEB;
NTTDATA;INC000007799681;Asigna;Nivel 1 deriv;1;N1_SD_MOVIL_DIGITAL;
NTTDATA;INC000007799669;Asigna;Nivel 1 deriv;1;N1_SD_MOVIL_DIGITAL;
NTTDATA;INC000007799659;Asigna;Nivel 1 deriv;1;N1_SD_TGT_WEB;
NTTDATA;INC000007799654;Asigna;Nivel 1 deriv;1;N1_SD_MOVIL_DIGITAL;
NTTDATA;INC000007799527;Asigna;Nivel 1 deriv;1;N1_SD_MOVIL_POWER;
NTTDATA;INC000007799511;Asigna;Nivel 1 deriv;1;N1_SD_MOVIL_DIGITAL;
NTTDATA;INC000007799325;Asigna;Nivel 1 deriv;1;N1_SD_MOVIL_DIGITAL;
NTTDATA;INC000007799318;Asigna;Nivel 1 deriv;1;N1_SD_MOVIL_DIGITAL;
NTTDATA;INC000007799309;Asigna;Nivel 1 deriv;1;N1_SD_MOVIL_POWER;
NTTDATA;INC000007799296;Asigna;Nivel 1 deriv;1;N1_SD_MOVIL_DIGITAL;
NTTDATA;INC000007799284;Asigna;Nivel 1 deriv;1;N1_SD_MOVIL_DIGITAL;
NTTDATA;INC000007799263;Asigna;Nivel 1 deriv;1;N1_SD_MOVIL_DIGITAL;
NTTDATA;INC000007799255;Asigna;Nivel 1 deriv;1;N1_SD_MOVIL_DIGITAL;
NTTDATA;INC000007799183;Asigna;Nivel 1 deriv;1;N1_SD_MOVIL_DIGITAL;
NTTDATA;INC000007799182;Asigna;Nivel 1 deriv;1;N1_SD_MOVIL_DIGITAL;
NTTDATA;INC000007799171;Asigna;Nivel 1 deriv;1;N1_SD_TGT_WEB;
NTTDATA;INC000007799146;Asigna;Nivel 1 deriv;1;N1_SD_TGT_WEB;
NTTDATA;INC000007799041;Asigna;Nivel 1 deriv;1;N1_SD_MOVIL_POWER;
NTTDATA;INC000007799032;Asigna;Nivel 1 deriv;1;N1_SD_MOVIL_DIGITAL;
NTTDATA;INC000007799020;Asigna;Nivel 1 deriv;1;N1_SD_MOVIL_DIGITAL;
NTTDATA;INC000007799019;Asigna;Nivel 1 deriv;1;N1_SD_MOVIL_POWER;
NTTDATA;INC000007798991;Asigna;Nivel 1 deriv;1;N1_SD_TGT_WEB;
NTTDATA;INC000007798954;Asigna;Nivel 1 deriv;1;N1_SD_TGT_WEB;
NTTDATA;INC000007798934;Asigna;Nivel 1 deriv;1;N1_SD_MOVIL_DIGITAL;
NTTDATA;INC000007798923;Asigna;Nivel 1 deriv;1;N1_SD_MOVIL_DIGITAL;
NTTDATA;INC000007798889;Asigna;Nivel 1 deriv;1;N1_MASIVOS_DIGITAL;
NTTDATA;INC000007798872;Asigna;Nivel 1 deriv;1;N1_SD_MOVIL_DIGITAL;
NTTDATA;INC000007798866;Asigna;Nivel 1 deriv;1;N1_SD_MOVIL_DIGITAL;
NTTDATA;INC000007798861;Asigna;Nivel 1 deriv;1;N1_SD_MOVIL_DIGITAL;
NTTDATA;INC000007798813;Asigna;Nivel 1 deriv;1;N1_SD_MOVIL_DIGITAL;
NTTDATA;INC000007798796;Asigna;Nivel 1 deriv;1;N1_SD_MOVIL_DIGITAL;
NTTDATA;INC000007798767;Asigna;Nivel 1 deriv;1;N1_SD_MOVIL_DIGITAL;
NTTDATA;INC000007798741;Asigna;Nivel 1 deriv;1;N1_SD_MOVIL_DIGITAL;
NTTDATA;INC000007798726;Asigna;Nivel 1 deriv;1;N1_SD_MOVIL_DIGITAL;
NTTDATA;INC000007798700;Asigna;Nivel 1 deriv;1;N1_SD_MOVIL_DIGITAL;
NTTDATA;INC000007798696;Asigna;Nivel 1 deriv;1;N1_SD_MOVIL_DIGITAL;
NTTDATA;INC000007798684;Asigna;Nivel 1 deriv;1;N1_SD_MOVIL_DIGITAL;
NTTDATA;INC000007798416;Asigna;Nivel 1 deriv;1;N1_SD_MOVIL_POWER;
NTTDATA;INC000007798402;Asigna;Nivel 1 deriv;1;N1_SD_MOVIL_DIGITAL;
NTTDATA;INC000007798346;Asigna;Nivel 1 deriv;1;N1_SD_MOVIL_DIGITAL;
NTTDATA;INC000007798254;Asigna;Nivel 1 deriv;1;N1_SD_MOVIL_DIGITAL;
NTTDATA;INC000007798202;Asigna;Nivel 1 deriv;1;N1_SD_MOVIL_DIGITAL;
NTTDATA;INC000007798101;Asigna;Nivel 1 deriv;1;N1_SD_TGT_WEB;
NTTDATA;INC000007798100;Asigna;Nivel 1 deriv;1;N1_SD_MOVIL_DIGITAL;
NTTDATA;INC000007798095;Asigna;Nivel 1 deriv;1;N1_SD_MOVIL_DIGITAL;
NTTDATA;INC000007798087;Asigna;Nivel 1 deriv;1;N1_SD_TGT_WEB;
NTTDATA;INC000007798085;Asigna;Nivel 1 deriv;1;N1_SD_TGT_WEB;
NTTDATA;INC000007798047;Asigna;Nivel 1 deriv;1;N1_SD_MOVIL_DIGITAL;
NTTDATA;INC000007798043;Asigna;Nivel 1 deriv;1;N1_SD_MOVIL_DIGITAL;
NTTDATA;INC000007798003;Asigna;Nivel 1 deriv;1;N1_SD_MOVIL_DIGITAL;
NTTDATA;INC000007797995;Asigna;Nivel 1 deriv;1;N1_SD_MOVIL_DIGITAL;
NTTDATA;INC000007797993;Asigna;Nivel 1 deriv;1;N1_SD_MOVIL_DIGITAL;
NTTDATA;INC000007797990;Asigna;Nivel 1 deriv;1;N1_SD_MOVIL_DIGITAL;
NTTDATA;INC000007797989;Asigna;Nivel 1 deriv;1;N1_SD_TGT_WEB;
NTTDATA;INC000007797986;Asigna;Nivel 1 deriv;1;N1_SD_MOVIL_DIGITAL;
NTTDATA;INC000007797974;Asigna;Nivel 1 deriv;1;N1_SD_TGT_WEB;
NTTDATA;INC000007797965;Asigna;Nivel 1 deriv;1;N1_SD_MOVIL_DIGITAL;
NTTDATA;INC000007797949;Asigna;Nivel 1 deriv;1;N1_SD_MOVIL_DIGITAL;
NTTDATA;INC000007797741;Asigna;Nivel 1 deriv;1;N1_SD_MOVIL_DIGITAL;
NTTDATA;INC000007797718;Asigna;Nivel 1 deriv;1;N1_SD_MOVIL_DIGITAL;
NTTDATA;INC000007797710;Asigna;Nivel 1 deriv;1;N1_SD_TGT_WEB;
NTTDATA;INC000007797702;Asigna;Nivel 1 deriv;1;N1_SD_MOVIL_POWER;
NTTDATA;INC000007797686;Asigna;Nivel 1 deriv;1;N1_SD_MOVIL_DIGITAL;
NTTDATA;INC000007797676;Asigna;Nivel 1 deriv;1;N1_SD_MOVIL_DIGITAL;
NTTDATA;INC000007797650;Asigna;Nivel 1 deriv;1;N1_SD_MOVIL_DIGITAL;
NTTDATA;INC000007797636;Asigna;Nivel 1 deriv;1;N1_SD_MOVIL_DIGITAL;
NTTDATA;INC000007797635;Asigna;Nivel 1 deriv;1;N1_SD_MOVIL_POWER;
NTTDATA;INC000007797629;Asigna;Nivel 1 deriv;1;N1_SD_MOVIL_DIGITAL;
NTTDATA;INC000007797591;Asigna;Nivel 1 deriv;1;N1_SD_TGT_WEB;
NTTDATA;INC000007797574;Asigna;Nivel 1 deriv;1;N1_SD_TGT_WEB;
NTTDATA;INC000007797561;Asigna;Nivel 1 deriv;1;N1_SD_MOVIL_DIGITAL;
NTTDATA;INC000007797547;Asigna;Nivel 1 deriv;1;N1_SD_MOVIL_DIGITAL;
NTTDATA;INC000007797409;Asigna;Nivel 1 deriv;1;N1_SD_TGT_WEB;
NTTDATA;INC000007797396;Asigna;Nivel 1 deriv;1;N1_SD_TGT_WEB;
NTTDATA;INC000007797379;Asigna;Nivel 1 deriv;1;N1_SD_MOVIL_DIGITAL;
NTTDATA;INC000007797374;Asigna;Nivel 1 deriv;1;N1_SD_MOVIL_DIGITAL;
NTTDATA;INC000007797368;Asigna;Nivel 1 deriv;1;N1_SD_MOVIL_DIGITAL;
NTTDATA;INC000007797362;Asigna;Nivel 1 deriv;1;N1_SD_MOVIL_DIGITAL;
NTTDATA;INC000007797341;Asigna;Nivel 1 deriv;1;N1_SD_MOVIL_DIGITAL;
NTTDATA;INC000007797320;Asigna;Nivel 1 deriv;1;N1_SD_MOVIL_DIGITAL;
NTTDATA;INC000007797300;Asigna;Nivel 1 deriv;1;N1_SD_MOVIL_POWER;
NTTDATA;INC000007797290;Asigna;Nivel 1 deriv;1;N1_SD_MOVIL_DIGITAL;
NTTDATA;INC000007797288;Asigna;Nivel 1 deriv;1;N1_SD_MOVIL_DIGITAL;
NTTDATA;INC000007797280;Asigna;Nivel 1 deriv;1;N1_SD_MOVIL_DIGITAL;
NTTDATA;INC000007797260;Asigna;Nivel 1 deriv;1;N1_SD_MOVIL_DIGITAL;
NTTDATA;INC000007797257;Asigna;Nivel 1 deriv;1;N1_SD_MOVIL_DIGITAL;
NTTDATA;INC000007797093;Asigna;Nivel 1 deriv;1;N1_SD_MOVIL_DIGITAL;
NTTDATA;INC000007797092;Asigna;Nivel 1 deriv;1;N1_SD_MOVIL_DIGITAL;
NTTDATA;INC000007797063;Asigna;Nivel 1 deriv;1;N1_SD_MOVIL_DIGITAL;
NTTDATA;INC000007797021;Asigna;Nivel 1 deriv;1;N1_SD_MOVIL_DIGITAL;
NTTDATA;INC000007796997;Asigna;Nivel 1 deriv;1;N1_SD_MOVIL_POWER;
NTTDATA;INC000007796995;Asigna;Nivel 1 deriv;1;N1_SD_MOVIL_DIGITAL;
NTTDATA;INC000007796990;Asigna;Nivel 1 deriv;1;N1_SD_TGT_WEB;
NTTDATA;INC000007796984;Asigna;Nivel 1 deriv;1;N1_SD_MOVIL_DIGITAL;
NTTDATA;INC000007796733;Asigna;Nivel 1 deriv;1;N1_SD_MOVIL_DIGITAL;
NTTDATA;INC000007796727;Asigna;Nivel 1 deriv;1;N1_SD_MOVIL_POWER;
NTTDATA;INC000007796690;Asigna;Nivel 1 deriv;1;N1_SD_MOVIL_DIGITAL;
NTTDATA;INC000007796680;Asigna;Nivel 1 deriv;1;N1_SD_MOVIL_DIGITAL;
NTTDATA;INC000007796639;Asigna;Nivel 1 deriv;1;N1_SD_MOVIL_DIGITAL;
NTTDATA;INC000007796626;Asigna;Nivel 1 deriv;1;N1_SD_MOVIL_DIGITAL;
NTTDATA;INC000007796602;Asigna;Nivel 1 deriv;1;N1_SD_MOVIL_DIGITAL;
NTTDATA;INC000007796555;Asigna;Nivel 1 deriv;1;N1_SD_MOVIL_DIGITAL;
NTTDATA;INC000007796495;Asigna;Nivel 1 deriv;1;N1_SD_MOVIL_DIGITAL;
NTTDATA;INC000007796487;Asigna;Nivel 1 deriv;1;N1_SD_MOVIL_DIGITAL;
NTTDATA;INC000007796485;Asigna;Nivel 1 deriv;1;N1_SD_MOVIL_DIGITAL;
NTTDATA;INC000007796466;Asigna;Nivel 1 deriv;1;N1_SD_MOVIL_DIGITAL;
NTTDATA;INC000007796462;Asigna;Nivel 1 deriv;1;N1_SD_TGT_WEB;
NTTDATA;INC000007796415;Asigna;Nivel 1 deriv;1;N1_SD_TGT_WEB;
NTTDATA;INC000007796411;Asigna;Nivel 1 deriv;1;N1_SD_TGT_WEB;
NTTDATA;INC000007796410;Asigna;Nivel 1 deriv;1;N1_SD_MOVIL_DIGITAL;
NTTDATA;INC000007796403;Asigna;Nivel 1 deriv;1;N1_SD_MOVIL_DIGITAL;
NTTDATA;INC000007796400;Asigna;Nivel 1 deriv;1;N1_SD_MOVIL_DIGITAL;
NTTDATA;INC000007796391;Asigna;Nivel 1 deriv;1;N1_SD_MOVIL_POWER;
NTTDATA;INC000007796381;Asigna;Nivel 1 deriv;1;N1_SD_MOVIL_DIGITAL;
NTTDATA;INC000007796378;Asigna;Nivel 1 deriv;1;N1_SD_MOVIL_DIGITAL;
NTTDATA;INC000007796369;Asigna;Nivel 1 deriv;1;N1_SD_MOVIL_DIGITAL;
NTTDATA;INC000007796368;Asigna;Nivel 1 deriv;1;N1_SD_MOVIL_POWER;
NTTDATA;INC000007796364;Asigna;Nivel 1 deriv;1;N1_SD_MOVIL_POWER;
NTTDATA;INC000007796355;Asigna;Nivel 1 deriv;1;N1_SD_MOVIL_DIGITAL;
NTTDATA;INC000007796354;Asigna;Nivel 1 deriv;1;N1_SD_MOVIL_POWER;
NTTDATA;INC000007796333;Asigna;Nivel 1 deriv;1;N1_SD_MOVIL_DIGITAL;
NTTDATA;INC000007796326;Asigna;Nivel 1 deriv;1;N1_SD_MOVIL_DIGITAL;
NTTDATA;INC000007796322;Asigna;Nivel 1 deriv;1;N1_SD_MOVIL_DIGITAL;
NTTDATA;INC000007796313;Asigna;Nivel 1 deriv;1;N1_SD_TGT_WEB;
NTTDATA;INC000007796256;Asigna;Nivel 1 deriv;1;N1_SD_TGT_WEB;
NTTDATA;INC000007796154;Asigna;Nivel 1 deriv;1;N1_SD_MOVIL_DIGITAL;
NTTDATA;INC000007795983;Asigna;Nivel 1 deriv;1;N1_SD_TGT_WEB;
NTTDATA;INC000007795970;Asigna;Nivel 1 deriv;1;N1_SD_TGT_WEB;
NTTDATA;INC000007795969;Asigna;Nivel 1 deriv;1;N1_SD_TGT_WEB;
NTTDATA;INC000007795959;Asigna;Nivel 1 deriv;1;N1_SD_TGT_WEB;
NTTDATA;INC000007795946;Asigna;Nivel 1 deriv;1;N1_SD_MOVIL_DIGITAL;
NTTDATA;INC000007795908;Asigna;Nivel 1 deriv;1;N1_SD_TGT_WEB;
NTTDATA;INC000007795890;Asigna;Nivel 1 deriv;1;N1_SD_TGT_WEB;
NTTDATA;INC000007795889;Asigna;Nivel 1 deriv;1;N1_SD_MOVIL_POWER;
NTTDATA;INC000007795852;Asigna;Nivel 1 deriv;1;N1_SD_MOVIL_DIGITAL;
NTTDATA;INC000007795835;Asigna;Nivel 1 deriv;1;N1_SD_MOVIL_DIGITAL;
NTTDATA;INC000007795834;Asigna;Nivel 1 deriv;1;N1_SD_MOVIL_DIGITAL;
NTTDATA;INC000007795831;Asigna;Nivel 1 deriv;1;N1_SD_MOVIL_POWER;
NTTDATA;INC000007795773;Asigna;Nivel 1 deriv;1;N1_SD_MOVIL_DIGITAL;
NTTDATA;INC000007795765;Asigna;Nivel 1 deriv;1;N1_SD_MOVIL_DIGITAL;
NTTDATA;INC000007795727;Asigna;Nivel 1 deriv;1;N1_SD_MOVIL_DIGITAL;
NTTDATA;INC000007795568;Asigna;Nivel 1 deriv;1;N1_SD_MOVIL_DIGITAL;
NTTDATA;INC000007795521;Asigna;Nivel 1 deriv;1;N1_SD_MOVIL_DIGITAL;
NTTDATA;INC000007795507;Asigna;Nivel 1 deriv;1;N1_SD_MOVIL_DIGITAL;
NTTDATA;INC000007795418;Asigna;Nivel 1 deriv;1;N1_SD_TGT_WEB;
NTTDATA;INC000007795391;Asigna;Nivel 1 deriv;1;N1_SD_MOVIL_DIGITAL;
NTTDATA;INC000007795384;Asigna;Nivel 1 deriv;1;N1_SD_MOVIL_POWER;
NTTDATA;INC000007795346;Asigna;Nivel 1 deriv;1;N1_SD_MOVIL_POWER;
NTTDATA;INC000007795207;Asigna;Nivel 1 deriv;1;N1_SD_MOVIL_DIGITAL;
NTTDATA;INC000007795163;Asigna;Nivel 1 deriv;1;N1_SD_MOVIL_DIGITAL;
NTTDATA;INC000007795150;Asigna;Nivel 1 deriv;1;N1_SD_MOVIL_DIGITAL;
NTTDATA;INC000007795029;Asigna;Nivel 1 deriv;1;N1_SD_MOVIL_POWER;
NTTDATA;INC000007794996;Asigna;Nivel 1 deriv;1;N1_SD_MOVIL_DIGITAL;
NTTDATA;INC000007794982;Asigna;Nivel 1 deriv;1;N1_SD_MOVIL_DIGITAL;
NTTDATA;INC000007794980;Asigna;Nivel 1 deriv;1;N1_SD_MOVIL_DIGITAL;
NTTDATA;INC000007794947;Asigna;Nivel 1 deriv;1;N1_SD_MOVIL_DIGITAL;
NTTDATA;INC000007794834;Asigna;Nivel 1 deriv;1;N1_SD_TGT_WEB;
NTTDATA;INC000007794799;Asigna;Nivel 1 deriv;1;N1_SD_MOVIL_DIGITAL;
NTTDATA;INC000007794786;Asigna;Nivel 1 deriv;1;N1_SD_MOVIL_DIGITAL;
NTTDATA;INC000007794762;Asigna;Nivel 1 deriv;1;N1_SD_MOVIL_DIGITAL;
NTTDATA;INC000007794740;Asigna;Nivel 1 deriv;1;N1_SD_MOVIL_DIGITAL;
NTTDATA;INC000007794705;Asigna;Nivel 1 deriv;1;N1_SD_MOVIL_DIGITAL;
NTTDATA;INC000007794690;Asigna;Nivel 1 deriv;1;N1_SD_TGT_WEB;
NTTDATA;INC000007794680;Asigna;Nivel 1 deriv;1;N1_SD_MOVIL_DIGITAL;
NTTDATA;INC000007794653;Asigna;Nivel 1 deriv;1;N1_SD_TGT_WEB;
NTTDATA;INC000007794646;Asigna;Nivel 1 deriv;1;N1_SD_MOVIL_POWER;
NTTDATA;INC000007794512;Asigna;Nivel 1 deriv;1;N1_SD_MOVIL_DIGITAL;
NTTDATA;INC000007794511;Asigna;Nivel 1 deriv;1;N1_SD_MOVIL_DIGITAL;
NTTDATA;INC000007794507;Asigna;Nivel 1 deriv;1;N1_SD_MOVIL_DIGITAL;
NTTDATA;INC000007794496;Asigna;Nivel 1 deriv;1;N1_SD_MOVIL_DIGITAL;
NTTDATA;INC000007794486;Asigna;Nivel 1 deriv;1;N1_SD_MOVIL_POWER;
NTTDATA;INC000007794478;Asigna;Nivel 1 deriv;1;N1_SD_MOVIL_POWER;
NTTDATA;INC000007794471;Asigna;Nivel 1 deriv;1;N1_SD_MOVIL_DIGITAL;
NTTDATA;INC000007794453;Asigna;Nivel 1 deriv;1;N1_SD_MOVIL_DIGITAL;
NTTDATA;INC000007794419;Asigna;Nivel 1 deriv;1;N1_SD_MOVIL_POWER;
NTTDATA;INC000007794416;Asigna;Nivel 1 deriv;1;N1_SD_MOVIL_DIGITAL;
NTTDATA;INC000007794411;Asigna;Nivel 1 deriv;1;N1_SD_MOVIL_DIGITAL;
NTTDATA;INC000007794387;Asigna;Nivel 1 deriv;1;N1_SD_TGT_WEB;
NTTDATA;INC000007794384;Asigna;Nivel 1 deriv;1;N1_MASIVOS_DIGITAL;
NTTDATA;INC000007794361;Asigna;Nivel 1 deriv;1;N1_SD_MOVIL_DIGITAL;
NTTDATA;INC000007794345;Asigna;Nivel 1 deriv;1;N1_MASIVOS_DIGITAL;
NTTDATA;INC000007794314;Asigna;Nivel 1 deriv;1;N1_SD_MOVIL_DIGITAL;
NTTDATA;INC000007794298;Asigna;Nivel 1 deriv;1;N1_SD_MOVIL_DIGITAL;
NTTDATA;INC000007794290;Asigna;Nivel 1 deriv;1;N1_SD_MOVIL_DIGITAL;
NTTDATA;INC000007794280;Asigna;Nivel 1 deriv;1;N1_SD_MOVIL_DIGITAL;
NTTDATA;INC000007794258;Asigna;Nivel 1 deriv;1;N1_SD_MOVIL_DIGITAL;
NTTDATA;INC000007794234;Asigna;Nivel 1 deriv;1;N1_SD_TGT_WEB;
NTTDATA;INC000007794221;Asigna;Nivel 1 deriv;1;N1_SD_MOVIL_POWER;
NTTDATA;INC000007794212;Asigna;Nivel 1 deriv;1;N1_SD_MOVIL_POWER;
NTTDATA;INC000007794178;Asigna;Nivel 1 deriv;1;N1_SD_MOVIL_DIGITAL;
NTTDATA;INC000007793863;Asigna;Nivel 1 deriv;1;N1_SD_MOVIL_DIGITAL;
NTTDATA;INC000007793838;Asigna;Nivel 1 deriv;1;N1_SD_MOVIL_DIGITAL;
NTTDATA;INC000007793800;Asigna;Nivel 1 deriv;1;N1_SD_MOVIL_DIGITAL;
NTTDATA;INC000007793764;Asigna;Nivel 1 deriv;1;N1_SD_MOVIL_DIGITAL;
NTTDATA;INC000007793756;Asigna;Nivel 1 deriv;1;N1_SD_MOVIL_DIGITAL;
NTTDATA;INC000007793727;Asigna;Nivel 1 deriv;1;N1_SD_MOVIL_DIGITAL;
NTTDATA;INC000007793724;Asigna;Nivel 1 deriv;1;N1_SD_TGT_WEB;
NTTDATA;INC000007793662;Asigna;Nivel 1 deriv;1;N1_SD_MOVIL_DIGITAL;
NTTDATA;INC000007793627;Asigna;Nivel 1 deriv;1;N1_SD_MOVIL_DIGITAL;
NTTDATA;INC000007793555;Asigna;Nivel 1 deriv;1;N1_SD_MOVIL_DIGITAL;
NTTDATA;INC000007793426;Asigna;Nivel 1 deriv;1;N1_SD_MOVIL_DIGITAL;
NTTDATA;INC000007793414;Asigna;Nivel 1 deriv;1;N1_SD_MOVIL_DIGITAL;
NTTDATA;INC000007793405;Asigna;Nivel 1 deriv;1;N1_SD_MOVIL_DIGITAL;
NTTDATA;INC000007793370;Asigna;Nivel 1 deriv;1;N1_SD_MOVIL_DIGITAL;
NTTDATA;INC000007793344;Asigna;Nivel 1 deriv;1;N1_SD_MOVIL_DIGITAL;
NTTDATA;INC000007793340;Asigna;Nivel 1 deriv;1;N1_SD_MOVIL_POWER;
NTTDATA;INC000007793328;Asigna;Nivel 1 deriv;1;N1_SD_TGT_WEB;
NTTDATA;INC000007793322;Asigna;Nivel 1 deriv;1;N1_SD_MOVIL_DIGITAL;
NTTDATA;INC000007793316;Asigna;Nivel 1 deriv;1;N1_SD_MOVIL_DIGITAL;
NTTDATA;INC000007793310;Asigna;Nivel 1 deriv;1;N1_SD_MOVIL_POWER;
NTTDATA;INC000007793308;Asigna;Nivel 1 deriv;1;N1_SD_TGT_WEB;
NTTDATA;INC000007793293;Asigna;Nivel 1 deriv;1;N1_SD_TGT_WEB;
NTTDATA;INC000007793267;Asigna;Nivel 1 deriv;1;N1_SD_TGT_WEB;
NTTDATA;INC000007793263;Asigna;Nivel 1 deriv;1;N1_SD_MOVIL_DIGITAL;
NTTDATA;INC000007793231;Asigna;Nivel 1 deriv;1;N1_SD_MOVIL_DIGITAL;
NTTDATA;INC000007793210;Asigna;Nivel 1 deriv;1;N1_SD_MOVIL_DIGITAL;
NTTDATA;INC000007793186;Asigna;Nivel 1 deriv;1;N1_SD_MOVIL_DIGITAL;
NTTDATA;INC000007793185;Asigna;Nivel 1 deriv;1;N1_SD_TGT_WEB;
NTTDATA;INC000007793181;Asigna;Nivel 1 deriv;1;N1_SD_MOVIL_DIGITAL;
NTTDATA;INC000007793160;Asigna;Nivel 1 deriv;1;N1_SD_MOVIL_POWER;
NTTDATA;INC000007793146;Asigna;Nivel 1 deriv;1;N1_SD_MOVIL_DIGITAL;
NTTDATA;INC000007792949;Asigna;Nivel 1 deriv;1;N1_SD_MOVIL_DIGITAL;
NTTDATA;INC000007792945;Asigna;Nivel 1 deriv;1;N1_SD_MOVIL_DIGITAL;
NTTDATA;INC000007792827;Asigna;Nivel 1 deriv;1;N1_SD_MOVIL_DIGITAL;
NTTDATA;INC000007792813;Asigna;Nivel 1 deriv;1;N1_SD_MOVIL_DIGITAL;
NTTDATA;INC000007792791;Asigna;Nivel 1 deriv;1;N1_SD_MOVIL_DIGITAL;
NTTDATA;INC000007792769;Asigna;Nivel 1 deriv;1;N1_SD_MOVIL_POWER;
NTTDATA;INC000007792641;Asigna;Nivel 1 deriv;1;N1_SD_MOVIL_DIGITAL;
NTTDATA;INC000007792575;Asigna;Nivel 1 deriv;1;N1_SD_MOVIL_DIGITAL;
NTTDATA;INC000007792552;Asigna;Nivel 1 deriv;1;N1_SD_MOVIL_DIGITAL;
NTTDATA;INC000007792530;Asigna;Nivel 1 deriv;1;N1_SD_MOVIL_DIGITAL;
NTTDATA;INC000007792521;Asigna;Nivel 1 deriv;1;N1_SD_TGT_WEB;
NTTDATA;INC000007792341;Asigna;Nivel 1 deriv;1;N1_SD_MOVIL_DIGITAL;
NTTDATA;INC000007792334;Asigna;Nivel 1 deriv;1;N1_SD_MOVIL_DIGITAL;
NTTDATA;INC000007792320;Asigna;Nivel 1 deriv;1;N1_SD_MOVIL_DIGITAL;
NTTDATA;INC000007792315;Asigna;Nivel 1 deriv;1;N1_SD_MOVIL_DIGITAL;
NTTDATA;INC000007792230;Asigna;Nivel 1 deriv;1;N1_SD_MOVIL_DIGITAL;
NTTDATA;INC000007792209;Asigna;Nivel 1 deriv;1;N1_SD_MOVIL_DIGITAL;
NTTDATA;INC000007792048;Asigna;Nivel 1 deriv;1;N1_SD_MOVIL_DIGITAL;
NTTDATA;INC000007791985;Asigna;Nivel 1 deriv;1;N1_SD_MOVIL_DIGITAL;
NTTDATA;INC000007791959;Asigna;Nivel 1 deriv;1;N1_SD_TGT_WEB;
NTTDATA;INC000007791932;Asigna;Nivel 1 deriv;1;N1_SD_MOVIL_DIGITAL;
NTTDATA;INC000007791732;Asigna;Nivel 1 deriv;1;N1_SD_MOVIL_DIGITAL;
NTTDATA;INC000007791730;Asigna;Nivel 1 deriv;1;N1_SD_MOVIL_DIGITAL;
NTTDATA;INC000007791693;Asigna;Nivel 1 deriv;1;N1_SD_MOVIL_DIGITAL;
NTTDATA;INC000007791680;Asigna;Nivel 1 deriv;1;N1_SD_MOVIL_DIGITAL;
NTTDATA;INC000007791673;Asigna;Nivel 1 deriv;1;N1_SD_TGT_WEB;
NTTDATA;INC000007791671;Asigna;Nivel 1 deriv;1;N1_SD_MOVIL_POWER;
NTTDATA;INC000007791657;Asigna;Nivel 1 deriv;1;N1_SD_TGT_WEB;
NTTDATA;INC000007791654;Asigna;Nivel 1 deriv;1;N1_SD_MOVIL_DIGITAL;
NTTDATA;INC000007791625;Asigna;Nivel 1 deriv;1;N1_SD_TGT_WEB;
NTTDATA;INC000007791612;Asigna;Nivel 1 deriv;1;N1_SD_MOVIL_DIGITAL;
NTTDATA;INC000007791606;Asigna;Nivel 1 deriv;1;N1_SD_MOVIL_DIGITAL;
NTTDATA;INC000007791597;Asigna;Nivel 1 deriv;1;N1_SD_MOVIL_DIGITAL;
NTTDATA;INC000007791587;Asigna;Nivel 1 deriv;1;N1_SD_TGT_WEB;
NTTDATA;INC000007791577;Asigna;Nivel 1 deriv;1;N1_SD_TGT_WEB;
NTTDATA;INC000007791518;Asigna;Nivel 1 deriv;1;N1_SD_TGT_WEB;
NTTDATA;INC000007791509;Asigna;Nivel 1 deriv;1;N1_SD_MOVIL_DIGITAL;
NTTDATA;INC000007791506;Asigna;Nivel 1 deriv;1;N1_SD_MOVIL_DIGITAL;
NTTDATA;INC000007791494;Asigna;Nivel 1 deriv;1;N1_SD_MOVIL_DIGITAL;
NTTDATA;INC000007791468;Asigna;Nivel 1 deriv;1;N1_SD_MOVIL_DIGITAL;
NTTDATA;INC000007791412;Asigna;Nivel 1 deriv;1;N1_SD_MOVIL_DIGITAL;
NTTDATA;INC000007791350;Asigna;Nivel 1 deriv;1;N1_SD_TGT_WEB;
NTTDATA;INC000007791346;Asigna;Nivel 1 deriv;1;N1_SD_MOVIL_DIGITAL;
NTTDATA;INC000007791229;Asigna;Nivel 1 deriv;1;N1_SD_MOVIL_DIGITAL;
NTTDATA;INC000007791205;Asigna;Nivel 1 deriv;1;N1_SD_TGT_WEB;
NTTDATA;INC000007791174;Asigna;Nivel 1 deriv;1;N1_MASIVOS_DIGITAL;
NTTDATA;INC000007791169;Asigna;Nivel 1 deriv;1;N1_SD_TGT_WEB;
NTTDATA;INC000007791125;Asigna;Nivel 1 deriv;1;N1_SD_MOVIL_DIGITAL;
NTTDATA;INC000007791053;Asigna;Nivel 1 deriv;1;N1_SD_MOVIL_POWER;
NTTDATA;INC000007791047;Asigna;Nivel 1 deriv;1;N1_SD_MOVIL_DIGITAL;
NTTDATA;INC000007790917;Asigna;Nivel 1 deriv;1;N1_SD_MOVIL_DIGITAL;
NTTDATA;INC000007790915;Asigna;Nivel 1 deriv;1;N1_SD_MOVIL_DIGITAL;
NTTDATA;INC000007790912;Asigna;Nivel 1 deriv;1;N1_SD_MOVIL_POWER;
NTTDATA;INC000007790906;Asigna;Nivel 1 deriv;1;N1_SD_MOVIL_DIGITAL;
NTTDATA;INC000007790859;Asigna;Nivel 1 deriv;1;N1_SD_MOVIL_DIGITAL;
NTTDATA;INC000007790816;Asigna;Nivel 1 deriv;1;N1_MASIVOS_DIGITAL;
NTTDATA;INC000007790723;Asigna;Nivel 1 deriv;1;N1_SD_TGT_WEB;
NTTDATA;INC000007790679;Asigna;Nivel 1 deriv;1;N1_SD_MOVIL_POWER;
NTTDATA;INC000007790675;Asigna;Nivel 1 deriv;1;N1_SD_MOVIL_DIGITAL;
NTTDATA;INC000007790639;Asigna;Nivel 1 deriv;1;N1_SD_MOVIL_DIGITAL;
NTTDATA;INC000007790607;Asigna;Nivel 1 deriv;1;N1_SD_TGT_WEB;
NTTDATA;INC000007790550;Asigna;Nivel 1 deriv;1;N1_SD_MOVIL_DIGITAL;
NTTDATA;INC000007790433;Asigna;Nivel 1 deriv;1;N1_SD_MOVIL_DIGITAL;
NTTDATA;INC000007790396;Asigna;Nivel 1 deriv;1;N1_SD_MOVIL_POWER;
NTTDATA;INC000007790338;Asigna;Nivel 1 deriv;1;N1_SD_TGT_WEB;
NTTDATA;INC000007790190;Asigna;Nivel 1 deriv;1;N1_SD_MOVIL_DIGITAL;
NTTDATA;INC000007790170;Asigna;Nivel 1 deriv;1;N1_SD_MOVIL_DIGITAL;
NTTDATA;INC000007790165;Asigna;Nivel 1 deriv;1;N1_SD_MOVIL_DIGITAL;
NTTDATA;INC000007790148;Asigna;Nivel 1 deriv;1;N1_SD_TGT_WEB;
NTTDATA;INC000007790083;Asigna;Nivel 1 deriv;1;N1_SD_TGT_WEB;
NTTDATA;INC000007790079;Asigna;Nivel 1 deriv;1;N1_SD_MOVIL_DIGITAL;
NTTDATA;INC000007790067;Asigna;Nivel 1 deriv;1;N1_SD_MOVIL_DIGITAL;
NTTDATA;INC000007790049;Asigna;Nivel 1 deriv;1;N1_SD_MOVIL_DIGITAL;
NTTDATA;INC000007790048;Asigna;Nivel 1 deriv;1;N1_SD_TGT_WEB;
NTTDATA;INC000007790035;Asigna;Nivel 1 deriv;1;N1_SD_TGT_WEB;
NTTDATA;INC000007790029;Asigna;Nivel 1 deriv;1;N1_SD_MOVIL_POWER;
NTTDATA;INC000007790027;Asigna;Nivel 1 deriv;1;N1_SD_TGT_WEB;
NTTDATA;INC000007790025;Asigna;Nivel 1 deriv;1;N1_SD_MOVIL_DIGITAL;
NTTDATA;INC000007790019;Asigna;Nivel 1 deriv;1;N1_SD_MOVIL_DIGITAL;
NTTDATA;INC000007790018;Asigna;Nivel 1 deriv;1;N1_SD_MOVIL_DIGITAL;
NTTDATA;INC000007790014;Asigna;Nivel 1 deriv;1;N1_SD_TGT_WEB;
NTTDATA;INC000007790006;Asigna;Nivel 1 deriv;1;N1_SD_MOVIL_POWER;
NTTDATA;INC000007790001;Asigna;Nivel 1 deriv;1;N1_SD_MOVIL_POWER;
NTTDATA;INC000007789998;Asigna;Nivel 1 deriv;1;N1_SD_MOVIL_POWER;
NTTDATA;INC000007789987;Asigna;Nivel 1 deriv;1;N1_SD_MOVIL_DIGITAL;
NTTDATA;INC000007789975;Asigna;Nivel 1 deriv;1;N1_SD_MOVIL_DIGITAL;
NTTDATA;INC000007789965;Asigna;Nivel 1 deriv;1;N1_SD_MOVIL_DIGITAL;
NTTDATA;INC000007789958;Asigna;Nivel 1 deriv;1;N1_SD_MOVIL_DIGITAL;
NTTDATA;INC000007789830;Asigna;Nivel 1 deriv;1;N1_SD_MOVIL_DIGITAL;
NTTDATA;INC000007789829;Asigna;Nivel 1 deriv;1;N1_SD_TGT_WEB;
NTTDATA;INC000007789790;Asigna;Nivel 1 deriv;1;N1_SD_MOVIL_DIGITAL;
NTTDATA;INC000007789771;Asigna;Nivel 1 deriv;1;N1_SD_MOVIL_DIGITAL;
NTTDATA;INC000007789749;Asigna;Nivel 1 deriv;1;N1_SD_MOVIL_DIGITAL;
NTTDATA;INC000007789748;Asigna;Nivel 1 deriv;1;N1_SD_TGT_WEB;
NTTDATA;INC000007789747;Asigna;Nivel 1 deriv;1;N1_SD_MOVIL_POWER;
NTTDATA;INC000007789689;Asigna;Nivel 1 deriv;1;N1_SD_MOVIL_DIGITAL;
NTTDATA;INC000007789675;Asigna;Nivel 1 deriv;1;N1_SD_MOVIL_DIGITAL;
NTTDATA;INC000007789671;Asigna;Nivel 1 deriv;1;N1_SD_MOVIL_DIGITAL;
NTTDATA;INC000007789542;Asigna;Nivel 1 deriv;1;N1_SD_TGT_WEB;
NTTDATA;INC000007789533;Asigna;Nivel 1 deriv;1;N1_SD_TGT_WEB;
NTTDATA;INC000007789513;Asigna;Nivel 1 deriv;1;N1_SD_MOVIL_DIGITAL;
NTTDATA;INC000007789504;Asigna;Nivel 1 deriv;1;N1_SD_MOVIL_DIGITAL;
NTTDATA;INC000007789464;Asigna;Nivel 1 deriv;1;N1_SD_MOVIL_DIGITAL;
NTTDATA;INC000007789455;Asigna;Nivel 1 deriv;1;N1_SD_MOVIL_DIGITAL;
NTTDATA;INC000007789427;Asigna;Nivel 1 deriv;1;N1_SD_TGT_WEB;
NTTDATA;INC000007789410;Asigna;Nivel 1 deriv;1;N1_SD_MOVIL_DIGITAL;
NTTDATA;INC000007789409;Asigna;Nivel 1 deriv;1;N1_SD_MOVIL_DIGITAL;
NTTDATA;INC000007789325;Asigna;Nivel 1 deriv;1;N1_SD_TGT_WEB;
NTTDATA;INC000007789289;Asigna;Nivel 1 deriv;1;N1_SD_MOVIL_DIGITAL;
NTTDATA;INC000007789225;Asigna;Nivel 1 deriv;1;N1_SD_MOVIL_POWER;
NTTDATA;INC000007789208;Asigna;Nivel 1 deriv;1;N1_SD_MOVIL_DIGITAL;
NTTDATA;INC000007789204;Asigna;Nivel 1 deriv;1;N1_SD_MOVIL_DIGITAL;
NTTDATA;INC000007789156;Asigna;Nivel 1 deriv;1;N1_SD_TGT_WEB;
NTTDATA;INC000007789152;Asigna;Nivel 1 deriv;1;N1_SD_MOVIL_DIGITAL;
NTTDATA;INC000007788974;Asigna;Nivel 1 deriv;1;N1_SD_MOVIL_DIGITAL;
NTTDATA;INC000007788947;Asigna;Nivel 1 deriv;1;N1_SD_MOVIL_DIGITAL;
NTTDATA;INC000007788934;Asigna;Nivel 1 deriv;1;N1_SD_MOVIL_DIGITAL;
NTTDATA;INC000007788931;Asigna;Nivel 1 deriv;1;N1_SD_MOVIL_DIGITAL;
NTTDATA;INC000007788894;Asigna;Nivel 1 deriv;1;N1_SD_MOVIL_DIGITAL;
NTTDATA;INC000007788889;Asigna;Nivel 1 deriv;1;N1_SD_MOVIL_DIGITAL;
NTTDATA;INC000007788759;Asigna;Nivel 1 deriv;1;N1_MASIVOS_DIGITAL;
NTTDATA;INC000007788697;Asigna;Nivel 1 deriv;1;N1_SD_TGT_WEB;
NTTDATA;INC000007788607;Asigna;Nivel 1 deriv;1;N1_SD_MOVIL_DIGITAL;
NTTDATA;INC000007788528;Asigna;Nivel 1 deriv;1;N1_SD_MOVIL_DIGITAL;
NTTDATA;INC000007788521;Asigna;Nivel 1 deriv;1;N1_SD_MOVIL_DIGITAL;
NTTDATA;INC000007788505;Asigna;Nivel 1 deriv;1;N1_SD_MOVIL_DIGITAL;
NTTDATA;INC000007788504;Asigna;Nivel 1 deriv;1;N1_SD_MOVIL_DIGITAL;
NTTDATA;INC000007788309;Asigna;Nivel 1 deriv;1;N1_MASIVOS_DIGITAL;
NTTDATA;INC000007788308;Asigna;Nivel 1 deriv;1;N1_SD_MOVIL_DIGITAL;
NTTDATA;INC000007788281;Asigna;Nivel 1 deriv;1;N1_SD_MOVIL_DIGITAL;
NTTDATA;INC000007788266;Asigna;Nivel 1 deriv;1;N1_SD_TGT_WEB;
NTTDATA;INC000007788265;Asigna;Nivel 1 deriv;1;N1_SD_MOVIL_DIGITAL;
NTTDATA;INC000007788264;Asigna;Nivel 1 deriv;1;N1_SD_MOVIL_DIGITAL;
NTTDATA;INC000007788258;Asigna;Nivel 1 deriv;1;N1_SD_MOVIL_DIGITAL;
NTTDATA;INC000007788248;Asigna;Nivel 1 deriv;1;N1_SD_MOVIL_DIGITAL;
NTTDATA;INC000007788243;Asigna;Nivel 1 deriv;1;N1_SD_MOVIL_DIGITAL;
NTTDATA;INC000007788210;Asigna;Nivel 1 deriv;1;N1_SD_TGT_WEB;
NTTDATA;INC000007788107;Asigna;Nivel 1 deriv;1;N1_MASIVOS_DIGITAL;
NTTDATA;INC000007787921;Asigna;Nivel 1 deriv;1;N1_SD_MOVIL_DIGITAL;
NTTDATA;INC000007787915;Asigna;Nivel 1 deriv;1;N1_SD_MOVIL_DIGITAL;
NTTDATA;INC000007787892;Asigna;Nivel 1 deriv;1;N1_SD_TGT_WEB;
NTTDATA;INC000007787890;Asigna;Nivel 1 deriv;1;N1_SD_MOVIL_DIGITAL;
NTTDATA;INC000007787876;Asigna;Nivel 1 deriv;1;N1_SD_MOVIL_DIGITAL;
NTTDATA;INC000007787854;Asigna;Nivel 1 deriv;1;N1_SD_MOVIL_DIGITAL;
NTTDATA;INC000007787839;Asigna;Nivel 1 deriv;1;N1_SD_TGT_WEB;
NTTDATA;INC000007787838;Asigna;Nivel 1 deriv;1;N1_SD_MOVIL_POWER;
NTTDATA;INC000007787828;Asigna;Nivel 1 deriv;1;N1_SD_MOVIL_DIGITAL;
NTTDATA;INC000007787827;Asigna;Nivel 1 deriv;1;N1_SD_MOVIL_POWER;
NTTDATA;INC000007787812;Asigna;Nivel 1 deriv;1;N1_SD_MOVIL_DIGITAL;
NTTDATA;INC000007787769;Asigna;Nivel 1 deriv;1;N1_SD_MOVIL_POWER;
NTTDATA;INC000007787748;Asigna;Nivel 1 deriv;1;N1_SD_MOVIL_DIGITAL;
NTTDATA;INC000007787637;Asigna;Nivel 1 deriv;1;N1_SD_MOVIL_POWER;
NTTDATA;INC000007787633;Asigna;Nivel 1 deriv;1;N1_SD_MOVIL_DIGITAL;
NTTDATA;INC000007787631;Asigna;Nivel 1 deriv;1;N1_SD_MOVIL_DIGITAL;
NTTDATA;INC000007787620;Asigna;Nivel 1 deriv;1;N1_SD_MOVIL_DIGITAL;
NTTDATA;INC000007787612;Asigna;Nivel 1 deriv;1;N1_SD_MOVIL_DIGITAL;
NTTDATA;INC000007787601;Asigna;Nivel 1 deriv;1;N1_SD_MOVIL_DIGITAL;
NTTDATA;INC000007787599;Asigna;Nivel 1 deriv;1;N1_SD_MOVIL_DIGITAL;
NTTDATA;INC000007787596;Asigna;Nivel 1 deriv;1;N1_SD_TGT_WEB;
NTTDATA;INC000007787584;Asigna;Nivel 1 deriv;1;N1_SD_MOVIL_DIGITAL;
NTTDATA;INC000007787505;Asigna;Nivel 1 deriv;1;N1_MASIVOS_DIGITAL;
NTTDATA;INC000007787426;Asigna;Nivel 1 deriv;1;N1_SD_TGT_WEB;
NTTDATA;INC000007787406;Asigna;Nivel 1 deriv;1;N1_SD_MOVIL_DIGITAL;
NTTDATA;INC000007787403;Asigna;Nivel 1 deriv;1;N1_SD_MOVIL_DIGITAL;
NTTDATA;INC000007787384;Asigna;Nivel 1 deriv;1;N1_SD_TGT_WEB;
NTTDATA;INC000007787366;Asigna;Nivel 1 deriv;1;N1_SD_MOVIL_DIGITAL;
NTTDATA;INC000007787241;Asigna;Nivel 1 deriv;1;N1_SD_MOVIL_DIGITAL;
NTTDATA;INC000007787229;Asigna;Nivel 1 deriv;1;N1_SD_MOVIL_DIGITAL;
NTTDATA;INC000007787219;Asigna;Nivel 1 deriv;1;N1_SD_MOVIL_DIGITAL;
NTTDATA;INC000007787196;Asigna;Nivel 1 deriv;1;N1_SD_TGT_WEB;
NTTDATA;INC000007787195;Asigna;Nivel 1 deriv;1;N1_SD_MOVIL_DIGITAL;
NTTDATA;INC000007787191;Asigna;Nivel 1 deriv;1;N1_SD_TGT_WEB;
NTTDATA;INC000007787173;Asigna;Nivel 1 deriv;1;N1_SD_MOVIL_DIGITAL;
NTTDATA;INC000007787166;Asigna;Nivel 1 deriv;1;N1_SD_MOVIL_DIGITAL;
NTTDATA;INC000007787136;Asigna;Nivel 1 deriv;1;N1_MASIVOS_DIGITAL;
NTTDATA;INC000007787106;Asigna;Nivel 1 deriv;1;N1_SD_MOVIL_DIGITAL;
NTTDATA;INC000007787100;Asigna;Nivel 1 deriv;1;N1_SD_MOVIL_DIGITAL;
NTTDATA;INC000007787093;Asigna;Nivel 1 deriv;1;N1_SD_MOVIL_DIGITAL;
NTTDATA;INC000007787033;Asigna;Nivel 1 deriv;1;N1_SD_MOVIL_DIGITAL;
NTTDATA;INC000007786981;Asigna;Nivel 1 deriv;1;N1_SD_TGT_WEB;
NTTDATA;INC000007786963;Asigna;Nivel 1 deriv;1;N1_SD_TGT_WEB;
NTTDATA;INC000007786957;Asigna;Nivel 1 deriv;1;N1_SD_MOVIL_DIGITAL;
NTTDATA;INC000007786827;Asigna;Nivel 1 deriv;1;N1_SD_TGT_WEB;
NTTDATA;INC000007786803;Asigna;Nivel 1 deriv;1;N1_SD_MOVIL_DIGITAL;
NTTDATA;INC000007786801;Asigna;Nivel 1 deriv;1;N1_SD_MOVIL_DIGITAL;
NTTDATA;INC000007786800;Asigna;Nivel 1 deriv;1;N1_SD_MOVIL_POWER;
NTTDATA;INC000007786791;Asigna;Nivel 1 deriv;1;N1_SD_MOVIL_DIGITAL;
NTTDATA;INC000007786781;Asigna;Nivel 1 deriv;1;N1_SD_MOVIL_DIGITAL;
NTTDATA;INC000007786765;Asigna;Nivel 1 deriv;1;N1_SD_MOVIL_DIGITAL;
NTTDATA;INC000007786764;Asigna;Nivel 1 deriv;1;N1_SD_MOVIL_DIGITAL;
NTTDATA;INC000007786759;Asigna;Nivel 1 deriv;1;N1_SD_MOVIL_DIGITAL;
NTTDATA;INC000007786738;Asigna;Nivel 1 deriv;1;N1_SD_MOVIL_DIGITAL;
NTTDATA;INC000007786737;Asigna;Nivel 1 deriv;1;N1_SD_MOVIL_DIGITAL;
NTTDATA;INC000007786728;Asigna;Nivel 1 deriv;1;N1_SD_MOVIL_DIGITAL;
NTTDATA;INC000007786722;Asigna;Nivel 1 deriv;1;N1_SD_MOVIL_DIGITAL;
NTTDATA;INC000007786718;Asigna;Nivel 1 deriv;1;N1_SD_MOVIL_POWER;
NTTDATA;INC000007786713;Asigna;Nivel 1 deriv;1;N1_SD_MOVIL_POWER;
NTTDATA;INC000007786700;Asigna;Nivel 1 deriv;1;N1_SD_MOVIL_DIGITAL;
NTTDATA;INC000007786559;Asigna;Nivel 1 deriv;1;N1_SD_MOVIL_DIGITAL;
NTTDATA;INC000007786515;Asigna;Nivel 1 deriv;1;N1_SD_TGT_WEB;
NTTDATA;INC000007786495;Asigna;Nivel 1 deriv;1;N1_SD_MOVIL_DIGITAL;
NTTDATA;INC000007786444;Asigna;Nivel 1 deriv;1;N1_SD_MOVIL_DIGITAL;
NTTDATA;INC000007786413;Asigna;Nivel 1 deriv;1;N1_SD_TGT_WEB;
NTTDATA;INC000007786399;Asigna;Nivel 1 deriv;1;N1_SD_MOVIL_DIGITAL;
NTTDATA;INC000007786388;Asigna;Nivel 1 deriv;1;N1_SD_TGT_WEB;
NTTDATA;INC000007786382;Asigna;Nivel 1 deriv;1;N1_SD_MOVIL_POWER;
NTTDATA;INC000007786380;Asigna;Nivel 1 deriv;1;N1_SD_MOVIL_POWER;
NTTDATA;INC000007786374;Asigna;Nivel 1 deriv;1;N1_SD_MOVIL_DIGITAL;
NTTDATA;INC000007786364;Asigna;Nivel 1 deriv;1;N1_SD_MOVIL_POWER;
NTTDATA;INC000007786353;Asigna;Nivel 1 deriv;1;N1_SD_MOVIL_DIGITAL;
NTTDATA;INC000007786346;Asigna;Nivel 1 deriv;1;N1_SD_MOVIL_DIGITAL;
NTTDATA;INC000007786343;Asigna;Nivel 1 deriv;1;N1_SD_TGT_WEB;
NTTDATA;INC000007786339;Asigna;Nivel 1 deriv;1;N1_SD_MOVIL_DIGITAL;
NTTDATA;INC000007786337;Asigna;Nivel 1 deriv;1;N1_SD_MOVIL_DIGITAL;
NTTDATA;INC000007786323;Asigna;Nivel 1 deriv;1;N1_SD_MOVIL_DIGITAL;
NTTDATA;INC000007786321;Asigna;Nivel 1 deriv;1;N1_SD_TGT_WEB;
NTTDATA;INC000007786317;Asigna;Nivel 1 deriv;1;N1_SD_TGT_WEB;
NTTDATA;INC000007786308;Asigna;Nivel 1 deriv;1;N1_SD_MOVIL_DIGITAL;
NTTDATA;INC000007786280;Asigna;Nivel 1 deriv;1;N1_SD_MOVIL_DIGITAL;
NTTDATA;INC000007786279;Asigna;Nivel 1 deriv;1;N1_SD_MOVIL_DIGITAL;
NTTDATA;INC000007786276;Asigna;Nivel 1 deriv;1;N1_SD_TGT_WEB;
NTTDATA;INC000007786256;Asigna;Nivel 1 deriv;1;N1_SD_MOVIL_DIGITAL;
NTTDATA;INC000007786247;Asigna;Nivel 1 deriv;1;N1_SD_MOVIL_DIGITAL;
NTTDATA;INC000007786236;Asigna;Nivel 1 deriv;1;N1_SD_MOVIL_DIGITAL;
NTTDATA;INC000007786094;Asigna;Nivel 1 deriv;1;N1_SD_MOVIL_DIGITAL;
NTTDATA;INC000007785986;Asigna;Nivel 1 deriv;1;N1_SD_MOVIL_DIGITAL;
NTTDATA;INC000007785959;Asigna;Nivel 1 deriv;1;N1_SD_MOVIL_DIGITAL;
NTTDATA;INC000007785937;Asigna;Nivel 1 deriv;1;N1_SD_MOVIL_DIGITAL;
NTTDATA;INC000007785878;Asigna;Nivel 1 deriv;1;N1_SD_MOVIL_DIGITAL;
NTTDATA;INC000007785863;Asigna;Nivel 1 deriv;1;N1_SD_MOVIL_DIGITAL;
NTTDATA;INC000007785862;Asigna;Nivel 1 deriv;1;N1_SD_TGT_WEB;
NTTDATA;INC000007785860;Asigna;Nivel 1 deriv;1;N1_SD_TGT_WEB;
NTTDATA;INC000007785853;Asigna;Nivel 1 deriv;1;N1_SD_TGT_WEB;
NTTDATA;INC000007785849;Asigna;Nivel 1 deriv;1;N1_SD_MOVIL_DIGITAL;
NTTDATA;INC000007785722;Asigna;Nivel 1 deriv;1;N1_SD_MOVIL_DIGITAL;
NTTDATA;INC000007785626;Asigna;Nivel 1 deriv;1;N1_SD_TGT_WEB;
NTTDATA;INC000007785599;Asigna;Nivel 1 deriv;1;N1_SD_MOVIL_DIGITAL;
NTTDATA;INC000007785583;Asigna;Nivel 1 deriv;1;N1_SD_TGT_WEB;
NTTDATA;INC000007785561;Asigna;Nivel 1 deriv;1;N1_SD_MOVIL_DIGITAL;
NTTDATA;INC000007785521;Asigna;Nivel 1 deriv;1;N1_SD_MOVIL_DIGITAL;
NTTDATA;INC000007785516;Asigna;Nivel 1 deriv;1;N1_SD_MOVIL_DIGITAL;
NTTDATA;INC000007785506;Asigna;Nivel 1 deriv;1;N1_SD_MOVIL_DIGITAL;
NTTDATA;INC000007785476;Asigna;Nivel 1 deriv;1;N1_SD_TGT_WEB;
NTTDATA;INC000007785465;Asigna;Nivel 1 deriv;1;N1_SD_MOVIL_DIGITAL;
NTTDATA;INC000007785454;Asigna;Nivel 1 deriv;1;N1_SD_MOVIL_DIGITAL;
NTTDATA;INC000007785325;Asigna;Nivel 1 deriv;1;N1_SD_MOVIL_DIGITAL;
NTTDATA;INC000007785283;Asigna;Nivel 1 deriv;1;N1_SD_TGT_WEB;
NTTDATA;INC000007785185;Asigna;Nivel 1 deriv;1;N1_MASIVOS_DIGITAL;
NTTDATA;INC000007785131;Asigna;Nivel 1 deriv;1;N1_SD_TGT_WEB;
NTTDATA;INC000007785129;Asigna;Nivel 1 deriv;1;N1_SD_TGT_WEB;
NTTDATA;INC000007785095;Asigna;Nivel 1 deriv;1;N1_SD_MOVIL_DIGITAL;
NTTDATA;INC000007785091;Asigna;Nivel 1 deriv;1;N1_SD_MOVIL_DIGITAL;
NTTDATA;INC000007785089;Asigna;Nivel 1 deriv;1;N1_SD_MOVIL_DIGITAL;
NTTDATA;INC000007785069;Asigna;Nivel 1 deriv;1;N1_SD_MOVIL_DIGITAL;
NTTDATA;INC000007784972;Asigna;Nivel 1 deriv;1;N1_MASIVOS_DIGITAL;
NTTDATA;INC000007784839;Asigna;Nivel 1 deriv;1;N1_SD_TGT_WEB;
NTTDATA;INC000007784810;Asigna;Nivel 1 deriv;1;N1_SD_MOVIL_DIGITAL;
NTTDATA;INC000007784794;Asigna;Nivel 1 deriv;1;N1_SD_MOVIL_DIGITAL;
NTTDATA;INC000007784634;Asigna;Nivel 1 deriv;1;N1_SD_MOVIL_DIGITAL;
NTTDATA;INC000007784628;Asigna;Nivel 1 deriv;1;N1_SD_MOVIL_DIGITAL;
NTTDATA;INC000007784615;Asigna;Nivel 1 deriv;1;N1_SD_MOVIL_DIGITAL;
NTTDATA;INC000007784613;Asigna;Nivel 1 deriv;1;N1_SD_MOVIL_DIGITAL;
NTTDATA;INC000007784601;Asigna;Nivel 1 deriv;1;N1_SD_MOVIL_DIGITAL;
NTTDATA;INC000007780560;Asigna;Nivel 1 deriv;1;N1_SD_MOVIL_DIGITAL;
